"ID","SO_HOP_DONG","NGAY_KY","NGAY_HIEU_LUC","NGAY_KET_THUC","SO_PHU_LUC","ISACTIVE","GHI_CHU"
11818,"2627/HĐMB",01-05-2010,28-12-2009,,"01",2,""
18490,"2776/HĐMB",27-08-2007,01-07-2017,27-08-2057,"PL05",2,""
21107,"1910/MLMN-VTQT-DD",08-04-2020,01-04-2020,31-12-2024,"PL02-1910/MLMN-VTQT-DD",2,""
23068,"511-18/TT.MLMN-ĐVTT",30-05-2023,15-07-2023,31-07-2028,"1281/PLHĐ-MLMN-ĐVTT",2,""
18829,"418/HĐ-MLMN-ĐVTBD",15-11-2017,15-11-2017,14-05-2028,"418/HĐ-MLMN-ĐVTBD_PL01",2,""
21907,"1039/HĐLK-B.QLDAHT2-TC",22-01-2021,01-01-2021,18-10-2027,"PL01-2021/PLHD-GII-LK",2,""
22668,"811/HĐ-B.QLDAHT2",08-09-2022,01-07-2022,30-07-2027,"PL04 - 811/HĐ-B.QLDAHT2",2,""
21747,"792/HĐLK-B.QLDAHT2-ĐTV-BK",08-01-2021,01-01-2021,24-07-2027,"PL02-2021/PLHD-THAT",2,""
20556,"667/HĐLK-B.QLDAHT2-Cty COMAS ",05-05-2020,01-07-2020,30-05-2027,"55/PLHD1",2,"Trả về giá hiện tại sau COVID"
18810,"843/HĐ-MB-MLMN-ĐVTBD/2017",14-11-2017,14-11-2017,30-04-2027,"843/HĐ-MB-MLMN-ĐVTBD/2017_PL01",2,""
20689,"352/HĐLK-B.QLDAHT2-TC",06-08-2020,01-04-2020,,"04/MLMN-GTI BTS",2,""
22248,"273/HĐ-B.QLDAHT2",25-03-2022,27-06-2022,26-03-2027,"PL05-273/HĐ-B.QLDAHT2",2,""
22067,"01/MLMN-MIS2",22-10-2021,01-01-2022,31-12-2026,"PL05-01/MLMN-MIS2",2,""
22368,"01/MLMN-TL",25-08-2022,01-07-2022,31-12-2026,"PL09-01/MLMN-TL",2,""
20457,"01/MLMN-TL-RELOCATION",14-10-2019,01-01-2020,31-12-2021,"PL02-01/MLMN-TL-RELOCATION",2,""
22489,"01/MLMN-VNC55",12-07-2022,01-07-2022,31-12-2026,"PL09_MLMN-VNC55",2,""
21976,"02/MLMN-VNC55",23-11-2021,01-01-2022,31-12-2026,"PL12-02/MLMN-VNC55",2,""
21992,"12-2017/MLMN-Mts.,jsc",22-10-2021,01-01-2022,31-12-2026,"PL03-12-2017/MLMN-Mts.Jsc",2,""
22587,"12-2017/MLMN-Mts.,jsc",07-09-2022,01-10-2022,31-12-2026,"PL04/MLMN-VT DI DONG",2,""
21993,"12-2017/MLMN-Mts.,jsc",22-10-2021,01-01-2022,31-12-2026,"PL03-12-2017/MLMN-Mts.,Jsc",2,""
21932,"1507/MLMN-THAP VANG BTS",23-11-2021,01-01-2022,31-12-2026,"PL03-1507/MLMN-THAP VANG BTS",2,""
21927,"1507/MLMN-THAP VANG BTS",23-11-2021,01-01-2022,31-12-2026,"PL03-1507/MLMN-THAPVANG BTS",2,""
21928,"1507/MLMN-THAPVANG BTS",23-11-2021,01-01-2022,31-12-2026,"PL03-1507/MLMN-THAPVANG BTS",2,""
21751,"1908/MLMN-VTDĐ",01-06-2021,01-07-2021,31-12-2026,"PL02-1908/MLMN-VTDĐ",2,""
22270,"1941/MLMN-VTVN",20-04-2022,01-01-2022,31-12-2026,"PL04-1941/MLMN-VTVN",2,""
22347,"1966/MLMN-MIS II",20-07-2022,01-07-2022,31-12-2026,"PL09-1966/MLMN-MIS II",2,""
22536,"1971/MLMN-VNC55",12-07-2022,01-07-2022,31-12-2026,"PL13-1971/MLMN-VNC55",2,""
22379,"2015/MLMN-VNC55",11-07-2022,01-07-2022,30-06-2026,"PL04-2015/MLMN-VNC55",2,""
21908,"2018.10.1/MLMN-THAP VANG BTS",23-11-2021,01-01-2022,31-12-2026,"PL07-2018.10.1/MLMN-THAP VANG BTS",2,""
21867,"785/HĐLK-BHT2-ĐTV",07-07-2020,01-07-2020,07-11-2026,"03/PLHD",2,""
20530,"777/HĐLK-B.QLDAHT2-CTCOMAS",05-05-2020,01-07-2020,31-10-2026,"55/PLHĐ 1",2,"Trả lại Giá cũ sau COVID"
14050,"625/VMS.C2/ĐVT-T",30-09-2013,30-09-2013,30-09-2026,"000000",1,"Phu luc dau tien cua HD"
17354,"625/VMS.C2/ĐVT-T",01-09-2016,01-09-2016,30-09-2026,"01",2,"PHỤ LỤC TĂNG GIÁ VÀ GIA HẠN HỢP ĐỒNG"
21749,"1965/MLMN-VTQT",10-06-2021,01-01-2022,30-06-2026,"PL01-1965/MLMN-VTQT",2,""
21938,"20012/MLMN-MISII",25-05-2021,01-01-2022,30-06-2026,"PL02-20012/MLMN-MIS II",2,""
21308,"584/VMSC2-HĐKT",17-05-2021,01-07-2021,30-06-2026,"PL09/MLMN-VIETNAMBTS",2,""
21847,"276/HĐ-BHT2",10-05-2021,25-05-2021,24-05-2026,"PL05-276/HĐ-BHT2",2,""
20688,"195/HĐ-BHT2",07-07-2020,01-04-2020,,"04/MLMN-GTI BTS",2,""
22247,"149/HĐ-BHT2",21-07-2022,01-07-2022,20-04-2026,"PL03-149/HĐ.B.QLDAHT2",2,""
22507,"121/HĐLK-BHT2-SONHA-LT",29-12-2022,01-01-2022,28-03-2026,"03/MLMN-SONHA-LT",2,""
22167,"02/MLMN-VNC55",23-11-2021,01-01-2022,31-01-2026,"PL12-02/MLMN-VNC55",2,""
22893,"1206/2020/HĐ-MOBIFONE-PCBC",30-12-2022,01-01-2023,31-12-2025,"1206-2/2023/PLHĐ/PCBC-MOBIFONE",2,""
20895,"2810/MLMN-TELECOM",06-11-2020,06-11-2020,31-12-2023,"PL02-2810/MLMN-TELECOM",2,"PL chuyển chủ thể"
19612,"668/HĐ-VMS4",06-11-2008,01-12-2018,31-12-2019,"668/",2,"Trá giá lại hợp đồng cũ"
19613,"669/HĐ-VMS4",06-11-2008,01-12-2018,31-12-2019,"669/HĐ",2,"Trả lại giá hợp đồng cũ"
23067,"145/HĐ-BHT2",01-05-2023,02-05-2023,31-05-2024,"1282/PLHĐ-MLMN-ĐVTT",2,""
22727,"15/HĐ-B.QLDAHT2",15-01-2023,15-01-2023,31-01-2024,"840/PLHĐ-MLMN-ĐVTT",2,""
19811,"01/MLMN-MIS-Relocation",21-03-2019,21-03-2019,31-12-2024,"02",2,""
22068,"01/MLMN-MIS2-RELOCATION",22-10-2021,01-01-2022,31-12-2026,"PL04-01/MLMN-MIS2-RELOCATION",2,""
20456,"02/2018/MLMN-GTI",16-10-2019,01-01-2020,31-12-2022,"PL03-02/2018/MLMN-GTI",2,""
20505,"03/MLMN-GII",10-03-2020,01-07-2019,31-12-2023,"PL01-03/MLMN-GII",2,""
20690,"06/MLMN-HL",31-12-2019,31-12-2019,30-06-2024,"PL02-06/MLMN-HLT",2,"điều chỉnh và bổ sung điều khoản HĐ"
22627,"296-21/TT.MLMN-ĐVTT",09-11-2022,01-01-2023,31-12-2023,"296-21/TT.MLMN-ĐVTT",2,""
19936,"1610/HĐ.2018/MLMN-TDIS",20-01-2019,20-01-2019,15-01-2024,"02",2,""
22647,"272/TTMLMN/ĐVTT",27-11-2022,28-11-2022,30-11-2023,"272/TTMLMN/ĐVTT",2,""
22610,"319-21/TT.MLMN-ĐVTT",15-11-2022,15-11-2022,30-11-2023,"319-21/TT.MLMN-ĐVTT",2,""
23107,"472-18/TTMLMN/ĐVTT",24-05-2023,25-05-2023,24-11-2023,"1283/PLHĐ-MLMN-ĐVTT",2,""
23129,"396/TT.MLMN-ĐVTT",14-04-2023,15-04-2023,31-10-2023,"1265 /PLHĐ-MLMN-ĐVTT ",2,""
19876,"01/MLMN-GII-Relocation",01-02-2019,01-02-2019,31-01-2023,"Số: 01/MLMN-GII-RELOCATION",2,""
20508,"01/MLMN-VNC55-Relocation",14-03-2019,08-03-2019,31-12-2023,"PL02-01/MLMN-VNC55-Relocation",2,""
21989,"249-20/TT.MLMN-ĐVTT",31-05-2021,20-08-2022,19-08-2023,"249-20/TT.MLMN-ĐVTT",2,"PHỤ LỤC 01 NĂM"
22807,"336/TTMLMN/ĐVTT",12-01-2023,01-02-2023,31-07-2023,"946/PLHĐ-MLMN-ĐVTT",2,"PL 06 THÁNG"
23077,"459-18/TT.MLMN-ĐVTT",14-04-2023,15-04-2023,31-07-2023,"1284/PLHĐ-MLMN-ĐVTT",2,""
22127,"133-20/TT.MLMN-ĐVTT",25-05-2022,01-07-2022,30-06-2023,"133-20/TT.MLMN-ĐVTT",2,"PHỤ LỤC 01 NĂM"
22869,"343-21/TT.MLMN-ĐVTT",09-03-2023,01-04-2023,30-06-2023,"1127/PLHĐ-MLMN-ĐVTT ",2,"PL 03 THÁNG"
22153,"111/TTMLMN/ĐVTT",14-05-2022,15-05-2022,14-05-2023,"111/TTMLMN/ĐVTT",2,"PHỤ LỤC 01 NĂM"
22767,"315/TT.MLMN-ĐVTT",17-01-2023,01-02-2023,30-04-2023,"949/PLHĐ-MLMN-ĐVTT",2,""
22808,"46/VMS.C2/ĐVT-T",14-09-2022,15-09-2022,31-03-2023,"1123/PLHĐ-MLMN-ĐVTT",2,""
21328,"2018/MLMN-MTOWER",30-07-2021,01-07-2021,30-09-2021,"PL02-2018/MLMN-MTOWER",2,""
22407,"2103/MLMN-MISII",06-04-2022,01-07-2022,30-06-2026,"PL02-2103/MLMN-MISII",2,""
18792,"860/HĐ-MB-MLMN-ĐVTBD/2017",14-05-2028,15-11-2017,14-05-2022,"860/HĐ-MB-MLMN-ĐVTBD/2017_PL01",2,""
22107,"2101/MLMN-VNTELECOM",18-02-2022,01-03-2022,28-02-2027,"PL02-2101/MLMN-VNTELECOM",2,""
21529,"01/2018/MLMN-VIETNAMBTS",14-09-2021,01-01-2022,31-12-2026,"PL04-01/2018/MLMN-VIETNAMBTS",2,""
20527,"0111/HĐ.2018/MLMN-KĐ.TDIS",18-10-2019,01-01-2020,31-12-2021,"PL01-0111/HĐ.2018/MLMN-KĐ.TDIS",2,""
20460,"02/MLMN-GII",14-10-2019,01-01-2020,31-12-2021,"PL03-02/MLMN-GII",2,""
21729,"10-2018/MLMN-DTTELECOM",10-06-2021,01-01-2022,31-12-2026,"PL03-10-2018/MLMN-DTTELECOM",2,""
21991,"10/2018/MLMN-Mts.,jsc",21-12-2021,16-12-2021,16-12-2021,"PL04-10/2018/MLMN-Mts.jsc",2,""
21931,"1507/MLMN-THAP VANG BTS",23-11-2021,01-01-2022,31-12-2026,"PL03-1507/MLMN-THAPVANG BTS",2,""
20459,"1510/HĐ.2018/MLMN-TDIS",08-10-2019,01-01-2020,31-12-2021,"PL02-1510/HĐ.2018/MLMN-TDIS",2,""
21620,"1907/MLMN-VITECHCOM",10-09-2021,01-01-2022,31-12-2026,"PL04-1907/MLMN-HITEKLINK",2,""
22029,"191/MLMN-CNVOIP",21-12-2021,01-01-2022,31-03-2022,"PL02-191/MLMN-CNVOIP",2,""
22048,"1914/MLMN-VOIP",23-12-2021,01-01-2022,31-12-2026,"PL03-1914-MLMN-VOIP",2,""
21530,"2009/MLMN-VIETNAMBTS",14-09-2021,01-01-2022,31-12-2026,"PL02-2009/MLMN-VIETNAMBTS",2,""
22028,"903A/HĐ.2018/MLMN-VOIP",21-12-2021,01-01-2022,31-03-2022,"PL04-903a/MLMN-CNVOIP",2,""
20630,"951/HĐ",19-06-2020,11-09-2019,31-12-2020,"951-196/PLHĐ-MIDC/2020",2,"Gia hạn HĐ"
20667,"996A/MLMN-MOBIFONE SERVICE",05-05-2020,01-07-2020,31-12-2021,"0505/PLHD 1",2,"Trả lại giá cũ sau COVID"
19349,"1189",25-06-2018,01-12-2016,01-12-2021,"189/PLHĐ-BHT2",2,""
20223,"1906/MLMN-MT",01-01-2020,01-01-2020,30-06-2021,"233/PL",2,"TRẠM KG 233 ĐÃ DI DỜI XONG"
21309,"1910/MLMN-GTI",25-05-2021,01-07-2021,30-06-2021,"PL02-1910/MLMN-GTI",2,""
21750,"19100/MLMN-VTDĐ-DD",10-06-2021,01-07-2021,30-06-2026,"PL01-19100/MLMN-VTDĐ",2,""
20627,"991/HĐ",30-06-2020,01-07-2020,30-06-2021,"05/PLHD-PITC/2020",1,""
20056,"991/HĐ",26-07-2019,26-07-2019,30-06-2020,"04",1,""
13210,"991/HĐ",14-09-2012,01-09-2012,,"PL001",1,""
13052,"991/HĐ",31-12-2008,31-12-2008,,"2648/PLHĐ",1,"Người liên hệ, địa chỉ khi phối hợp xử lý trạm"
13049,"991/HĐ",30-07-2008,30-07-2008,16-08-2011,"000000",1,"Phu luc dau tien cua HD"
13051,"991/HĐ",29-10-2009,29-10-2009,,"1089/PLHĐ",1,"PL giảm giá đối với những trạm không xây dựng phòng máy nổ"
13050,"991/HĐ",17-08-2011,17-08-2011,,"011/2011/PLHĐ",1,"Tăng giá thuê với trạm lắp 3G"
21247,"991/HĐ",08-06-2021,01-01-2021,31-12-2021,"06/PLHĐ-PITC/2021",2,""
19844,"991/HĐ",01-03-2019,01-01-2019,30-06-2019,"03/PLHĐ-PITC/2019",1,"PLHĐ Gia hạn thời gian thuê và thay đổi giá thuê"
20748,"1907/MLMN-VITECHCOM",05-02-2020,19-12-2019,31-12-2020,"PL01",2,""
21067,"1927/MLMN-TDIS",15-12-2020,01-01-2021,31-12-2021,"PL02-1927/MLMN-TDIS",2,""
20396,"20/MLMN-TEDICO",10-10-2019,01-01-2020,31-12-2020,"PL01-20/MLMN-TEDICO",2,""
20633,"427/HĐ",19-06-2020,03-09-2019,31-12-2020,"427-196/PLHĐ-MIDC/2020",2,""
20634,"437/HĐ - VMS4",19-06-2020,01-07-2019,31-12-2020,"437-PLHĐ/MIDC-2020",2,""
20635,"438/HĐ - VMS4",19-06-2020,01-07-2019,31-12-2020,"438/PLHĐ-MIDC-2020",2,""
20629,"672/HĐ - VMS4",19-06-2020,01-06-2019,31-12-2020,"672-196/PLHĐ-MIDC/2020",2,""
20691,"138/TTMLMN/ĐVTT",01-05-2020,01-05-2020,31-10-2020,"138/TTMLMN/ĐVTT",2,"PL 6 THÁNG"
12807,"2199/HĐ",01-03-2011,01-03-2011,,"59/2011/tc-plhd",1,"tăng tiền 3G 2 trạm 07BTH18,06TDU04 TỪ NGÀY 01/02/2011"
6061,"2199/HĐ",10-07-2009,10-07-2009,15-10-2010,"000000",1,""
12783,"2199/HĐ",16-10-2010,16-10-2010,15-10-2020,"974A",1,""
13017,"2199/HĐ",12-03-2012,05-01-2012,,"0203-2012/BTS/TC-PLHĐ",1,""
20009,"2199/HĐ",16-07-2019,16-07-2019,,"0119/MLMN-GTI",2,""
19370,"426/HĐ",15-09-2017,01-09-2017,05-12-2016,"426-1",2,"Giảm giá thuê 2 trạm: 08LAN167, 08LAN214"
18830,"2074/VMS.C6/ĐT-XD",31-12-2017,01-01-2018,30-06-2020,"2074/VMS.C6/ĐT-XD_PL04",2,""
20218,"900/HĐ",19-07-2019,01-07-2019,30-06-2020,"107/PLHĐ-55/2019",1,""
20217,"900/HĐ",10-07-2019,10-07-2019,31-12-2019,"PL04-900/HĐ",1,""
15225,"900/HĐ",01-09-2014,01-09-2014,08-07-2018,"900_1/PLHĐ",1,"PL Hủy tram 07TPH16 Mã ID HTP070"
20612,"900/HĐ",14-04-2020,01-01-2020,30-06-2020,"1909/PLHD-55",1,"HỦY TRẠM : 07Q1210"
13285,"900/HĐ",12-10-2011,17-10-2012,,"192/PLHD",1,"Bổ sung phương thức thanh toán"
13200,"900/HĐ",13-09-2012,01-09-2012,,"PL001",1,""
13091,"900/HĐ",26-10-2009,26-10-2009,,"1073/PLHĐ",1,"Điều chỉnh số lượng trạm và giá thuê trạm"
13090,"900/HĐ",08-07-2008,08-07-2008,25-10-2009,"000000",1,"Phu luc dau tien cua HD"
21531,"900/HĐ",20-05-2021,01-07-2021,30-06-2026,"PL 203-PLHĐ-55/2021",2,""
20116,"991/HĐ",26-07-2019,26-07-2019,30-06-2020,"04/PLHĐ-PITC/2019",1,""
13251,"991/HĐ",30-07-2008,30-07-2008,30-07-2018,"000000",1,"Phu luc dau tien cua HD"
19823,"991/HĐ",01-03-2019,01-01-2019,30-06-2019,"03/PLHĐ-PITC/2019",1,"PLHĐ gia hạn thời gian thêu và thay đổi giá thuê 2019"
20628,"991/HĐ",30-06-2020,01-07-2020,30-06-2021,"05/PLHĐ-PITC/2020",2,""
12416,"394/HĐKT-VMSC2",25-06-2010,25-06-2010,25-06-2020,"000000",1,"Phu luc dau tien cua HD"
13205,"394/HĐKT-VMSC2",13-09-2012,01-09-2012,,"PL001",1,""
17807,"394/HĐKT-VMSC2",01-01-2017,01-01-2017,25-06-2020,"Số : 0201/PLHĐ",2,"Điều chỉnh giảm giá thuê 7 trạm dùng chung CSHT 394/HĐKT - VMSC2"
13060,"394/HĐKT-VMSC2",25-06-2010,25-06-2010,11-04-2012,"000000",1,"Phu luc dau tien cua HD"
13062,"394/HĐKT-VMSC2",31-12-2010,31-12-2010,,"460/VMSC2-PLHĐ",1,"Chuyen chu thể hợp đồng"
13063,"394/HĐKT-VMSC2",30-11-2010,30-11-2010,,"639/VMSC2-PLHĐ",1,"Điều chỉnh giá thuê( giảm giá thuê đối với trạm ko có hàng rào)"
13061,"394/HĐKT-VMSC2",12-04-2012,12-04-2012,,"175/VMSC2-PLHĐ",1,"Giá thuê từng trạm, địa điểm và thông tin liên quan"
17787,"394/HĐKT-VMSC2",01-01-2017,01-01-2017,,"Số:0201/PLHĐ",1,"Điều chỉnh giảm giá thuê 7 trạm dùng chung CSHT của HĐ 394/HĐKT - VMSC2"
20057,"394/HĐKT-VMSC2",04-10-2019,04-10-2019,,"0410",2,""
13213,"395/HĐKT-VMSC2",14-09-2012,01-09-2012,,"PL001",2,""
19030,"395/HĐKT-VMSC2",17-09-2018,17-09-2018,25-06-2020,"Số:02/PLHĐ",2,"V/v: về việc giảm giá thuê 10% hợp đồng 395HĐKT-VMS2"
18409,"396/HĐKT-VSC2",05-06-2017,01-01-2017,,"Số: 01/PLHĐ",2,"Điều chỉnh giá thuê 2 trạm 08BCH38 và 08BCH50 dùng chung CSHT."
13059,"396/HĐKT-VSC2",25-06-2010,25-06-2010,25-06-2020,"000000",1,"Phu luc dau tien cua HD"
17469,"396/HĐKT-VSC2",06-06-2016,06-06-2016,25-06-2020,"PLHĐ -396/HĐKT",1,"Điều chỉnh giảm giá thuê 10 trạm BTS cho dùng chung CSHT"
13970,"397/HĐKT-VMSC2",01-01-2013,01-01-2013,25-06-2020,"02/plhd",2,""
19618,"14/HĐ-VMS4",15-01-2010,01-12-2018,25-05-2020,"14/HĐ",2,"Trả lại giá hợp đồng cũ"
18893,"593A-16/HĐ-MLMN-ĐVTĐN",15-04-2018,15-04-2018,14-04-2020,"01",2,""
19619,"13/HĐ-VMS4",15-01-2010,01-12-2018,15-03-2020,"13/HĐ",2,"Trả lại giá hợp đồng cũ"
19850,"12/HĐ-VMS4",01-04-2019,01-04-2019,10-03-2020,"12/PLHĐ",2,"Trả giá về HĐ gốc"
12680,"396/HĐKT-VMSC2",01-03-2011,01-03-2011,,"396",1,""
17468,"396/HĐKT-VMSC2",06-06-2016,06-06-2016,10-03-2020,"PLHD 396/HĐKT",2,"Điều chỉnh giảm giá thuê 10 trạm BTS dùng chung CSHT"
12420,"396/HĐKT-VMSC2",25-06-2010,25-06-2010,28-02-2011,"000000",1,"Phu luc dau tien cua HD"
12762,"396/HĐKT-VMSC2",01-01-2011,01-01-2011,10-03-2020,"397",1,""
20638,"11/HĐ-VMS4",19-06-2020,05-03-2020,31-12-2020,"11/PLHĐ-MIDC-2020",2,""
18429,"563/HĐ",31-07-2017,01-07-2017,,"Số: 02/PLHĐ",2,"Thanh lý trạm 08DN111 và thay đổi trạm 08DN115"
21407,"01/2018/MLMN-GTI",16-10-2019,01-01-2021,31-12-2022,"PL01-01/2018/MLMN-GTI",2,""
21996,"01/2018/MLMN-Mts.,Jsc",10-06-2021,01-01-2022,31-12-2026,"PL02-01/2018/MLMN-Mts.,Jsc",2,""
20506,"01/MLMN-MIS",15-10-2019,01-01-2020,31-12-2021,"PL02-01/MLMN-MIS",2,""
20552,"02/2018/MLMN-PTHTVT-CNTT",21-05-2020,01-01-2020,,"PL02 - 02/HĐ.2018/MLMN-PTHTVT-CNTT",2,""
19254,"1041/HĐ-VMS4",09-01-2018,01-01-2018,31-12-2018,"09",2,"PL gia hạn 2017"
19234,"1042/HĐ - VMS4",09-01-2018,01-01-2018,31-12-2018,"09",2,"PL gia hạn 2017"
19235,"1043/HĐ-VMS4",09-01-2018,01-01-2018,31-12-2018,"09",2,"PL gia hạn 2017"
19255,"1044/HĐ-VMS4",09-01-2018,01-01-2018,31-12-2018,"09",2,"PL gia hạn 2017"
19236,"1045/HĐ - VMS4",09-01-2018,01-01-2018,31-12-2018,"09",2,"PL gia hạn 2017"
19237,"1046/HĐ-VMS4",09-01-2018,01-01-2018,31-12-2018,"09",2,"PL gia hạn 2017"
19238,"1047/HĐ-VMS4",09-01-2018,01-01-2018,31-12-2018,"09",2,"PL gia hạn 2017"
19256,"1048/HĐ-VMS4",09-01-2018,01-01-2018,31-12-2018,"09",2,"PL gia hạn 2017"
19257,"1049/HĐ - VMS4",09-01-2018,01-01-2018,31-12-2018,"09",2,"PL gia hạn 2017"
19239,"1050/HĐ-VMS4",09-01-2018,01-01-2018,31-12-2018,"09",2,"PL gia hạn 2017"
19258,"1051/HĐ-VMS4",09-01-2018,01-01-2018,31-12-2018,"09",2,"PL gia hạn 2017"
19240,"1053/HĐ - VMS4",09-01-2018,01-01-2018,31-12-2018,"09",2,"PL gia hạn 2017"
19241,"1054/HĐ - VMS4",09-01-2018,01-01-2018,31-12-2018,"09",2,"PL gia hạn 2017"
19259,"1055/HĐ - VMS4",09-01-2018,01-01-2018,31-12-2018,"09",2,""
19242,"1058/HĐ - VMS4",09-01-2018,01-01-2018,31-12-2018,"09",2,""
19243,"1059/HĐ - VMS4",09-01-2018,01-01-2018,31-12-2018,"09",2,""
19260,"1060/HĐ - VMS4",09-01-2018,01-01-2018,31-12-2018,"09",2,""
19261,"1061/HĐ-VMS4",09-01-2018,01-01-2018,31-12-2018,"09",2,""
19191,"1064/HĐ-VMS4",26-06-2018,01-01-2018,31-12-2018,"02",2,"Gia hạn hết hạn 2017 "
19253,"1065/HĐ-VMS4",26-06-2018,01-01-2018,31-12-2018,"02",2,"Gia hạn hết hạn 2017 "
19196,"1067/HĐ-VMS4",26-06-2018,01-01-2018,31-12-2018,"02",2,"Gia hạn hết hạn 2017 "
19205,"1068/HĐ-VMS4",26-06-2018,01-01-2018,,"02",2,"Gia hạn hết hạn 2017 "
19244,"1069/HĐ - VMS4",09-01-2018,01-01-2018,31-12-2018,"09",2,""
19252,"1070/HĐ-VMS4",26-06-2018,01-01-2017,31-12-2018,"02",2,"Gia hạn hết hạn 2017 "
18772,"1154/HĐ",23-08-2017,01-07-2017,23-08-2017,"Số: 09/PLHĐ",2,"Thanh Lý trạm Bình Chánh 4"
21995,"12-2017/MLMN-Mts.,Jsc",22-10-2021,01-01-2022,31-12-2026,"PL03-12-2017/MLMN-Mts.,jsc",2,""
19656,"144A/HĐ.2018/MLMN-MKT",07-01-2019,07-01-2019,,"47",2,""
18771,"186/HĐ-VMS4",12-03-2018,01-10-2017,31-12-2018,"PLHĐ 03",2,"Dùng chung Vina trạm Mỹ Tú 2"
13202,"2196/HĐ",13-09-2012,01-09-2012,,"PL001",2,""
12561,"2197/HĐ",31-08-2011,01-03-2011,04-08-2018,"2197-1/plhd",2,""
13208,"2197/HĐ",13-09-2012,01-09-2012,,"PL001",2,""
21532,"2198/HĐ",20-05-2021,01-07-2021,30-06-2026,"PL 208/PLHĐ-55/2021",2,""
20829,"2198/HĐ",14-04-2020,14-04-2020,,"1908/PLHD-55",1,""
20814,"2198/HĐ",27-07-2020,01-07-2020,30-06-2021,"207/PLHĐ-55/2020",1,""
20613,"2198/HĐ",14-04-2020,01-01-2020,30-06-2020,"1908/PLHD-55",1,""
20237,"2198/HĐ",15-02-2019,01-01-2019,31-01-2019,"1502/PLHĐ",1,""
20236,"2198/HĐ",19-07-2019,01-07-2019,30-06-2020,"196/PLHĐ-55/2019",1,""
20017,"2198/HĐ",31-10-2018,22-07-2018,30-06-2019,"103/PLHĐ-55/2018",1,""
14326,"2198/HĐ",01-07-2013,01-07-2013,18-12-2017,"01/PLHĐ",1,"Điều chỉnh giảm số trạm từ 10 trạm xuống còn 09 trạm do hủy trạm 07BCH28"
13093,"2198/HĐ",05-09-2008,05-09-2008,,"1140/PLHĐ",1,"Giá thuê cụ thể từng trạm"
13092,"2198/HĐ",18-12-2007,18-12-2007,04-09-2008,"000000",1,"Phu luc dau tien cua HD"
13201,"2198/HĐ",13-09-2012,01-09-2012,,"PL001",1,""
13211,"2201/HĐ",14-09-2012,01-09-2012,,"PL001",2,""
19472,"230/HĐ - VMS4",29-10-2018,01-08-2018,31-12-2018,"2910/MLMN-TELECOM-CABLE",2,""
19492,"231/HĐ - VMS4",29-10-2018,01-08-2018,31-12-2018,"2910/MLMN-TELECOM-CABLE",2,""
19473,"232/HĐ - VMS4",29-10-2018,01-08-2018,31-12-2018,"2910/MLMN-TELECOM-CABLE",2,""
19474,"233/HĐ - VMS4",29-10-2018,01-08-2018,31-12-2018,"2910/MLMN-TELECOM-CABLE",2,""
18329,"239/HĐ-VMS4",26-06-2017,01-07-2017,,"Số: 02/PLHĐ",2,"Cung cấp dịch vụ cho thuê và vận hành máy phát điện"
17669,"239/HĐ-VMS4",08-04-2016,08-04-2016,,"0804/PLHĐ/VNC-55",2,"Điều chỉnh giảm giá trạm Hòa Thành của HĐ 239"
18349,"240/HĐ-VMS4",26-06-2017,01-07-2017,,"Số: 02/PLHĐ",2,"Cung cấp dịch vụ cho thuê và vận hành máy phát điện"
20504,"2410/MLMN - CADICOM",07-10-2019,01-01-2020,31-12-2021,"PL01-2410/MLMN-CADICOM",2,"PL gia hạn"
18330,"258/HĐ-VMS4",26-06-2017,01-07-2017,,"Số : 03/PLHĐ",2,"Cung cấp dịch vụ cho thuê và vận hành máy phát diện "
18350,"275/HĐ-VMS4",26-06-2017,01-07-2017,,"Số: 02/PLHĐ",2,"Cung cấp cho thuê và vận hành máy phát điện"
19115,"3112/MLMN-CADICOM",31-12-2017,01-01-2018,31-12-2018,"3112",2,"LTC bán Cadicom"
14468,"329/VMS2/KTKT",16-11-2013,16-11-2013,29-10-2014,"07/PLHĐ/SPN - VMS/2013",1,"Phụ lục thay đổi tên công ty SPN"
19223,"346/HĐ-VMS4",26-06-2018,01-12-2017,31-12-2018,"02",2,"Gia hạn hết hạn 2017 "
19195,"347/HĐ-VMS4",26-06-2018,03-10-2017,31-12-2018,"02",2,"Gia hạn hết hạn 2017 "
19197,"348/HĐ-VMS4",26-06-2018,01-11-2017,31-12-2018,"02",2,"Gia hạn hết hạn 2017 "
19221,"349/HĐ-VMS4",26-06-2018,16-10-2017,31-12-2018,"02",2,"Gia hạn hết hạn 2017 "
19214,"350/HĐ-VMS4",26-06-2018,01-11-2017,31-12-2018,"02",2,"Gia hạn hết hạn 2017 "
19192,"351/HĐ-VMS4",26-06-2018,03-10-2017,31-12-2018,"02",2,"Gia hạn hết hạn 2017 "
19213,"352/HĐ-VMS4",26-06-2018,03-10-2017,31-12-2018,"02",2,"Gia hạn hết hạn 2017 "
19211,"353/HĐ-VMS4",26-06-2018,03-10-2017,31-12-2018,"02",2,"Gia hạn hết hạn 2017 "
19251,"354/HĐ-VMS4",26-06-2018,16-10-2017,31-12-2018,"02",2,"Gia hạn hết hạn 2017 "
19233,"355/HĐ-VMS4",26-06-2018,01-11-2017,31-12-2018,"02",2,"Gia hạn hết hạn 2017 "
19219,"356/HĐ-VMS4",26-06-2018,01-11-2017,31-12-2018,"02",2,"Gia hạn hết hạn 2017 "
19231,"357/HĐ-VMS4",26-06-2018,01-11-2017,31-12-2018,"02",2,"Gia hạn hết hạn 2017 "
19201,"358/HĐ-VMS4",26-06-2018,16-10-2017,31-12-2018,"02",2,"Gia hạn hết hạn 2017 "
19210,"359/HĐ-VMS4",26-06-2018,03-10-2017,31-12-2018,"02",2,"Gia hạn hết hạn 2017 "
19217,"360/HĐ-VMS4",26-06-2018,16-10-2017,31-12-2018,"02",2,"Gia hạn hết hạn 2017 "
18949,"375/HĐ-VMS4",12-06-2018,01-10-2017,31-12-2018,"12",2,"PL gia hạn 31/12/2018"
18918,"376/HĐ-VMS4",12-06-2018,01-10-2017,31-12-2018,"12",2,"PL gia hạn 31/12/2018"
18919,"377/HĐ-VMS4",12-06-2018,01-10-2017,31-12-2018,"12",2,"PL gia hạn 31/12/2018"
18950,"378/HĐ-VMS4",12-06-2018,01-10-2017,31-12-2018,"12",2,"PL gia hạn 31/12/2018"
18920,"379/HĐ-VMS4",12-06-2018,01-10-2017,31-12-2018,"12",2,"PL gia hạn 31/12/2018"
18951,"380/HĐ-VMS4",12-06-2018,01-10-2017,31-12-2018,"12",2,"PL gia hạn 31/12/2018"
18952,"381/HĐ-VMS4",12-06-2018,01-10-2017,31-12-2018,"12",2,"PL gia hạn 31/12/2018"
18953,"383/HĐ-VMS4",12-06-2018,01-10-2017,31-12-2018,"12",2,"PL gia hạn 31/12/2018"
18309,"422/HĐ-VMS4",26-06-2017,01-07-2017,,"Số: 05/PLHD",2,"Cung cấp vận hành cho thuê máy phát điện 2 trạm "
19847,"423/HĐ-VMS4",01-01-2019,01-01-2019,31-12-2019,"423/PLHĐ",2,"Trả giá về HĐ gốc"
18007,"424/HĐ",01-01-2017,01-01-2017,,"01/PHLĐ",2,"Thanh Lý trạm PT Phong Phú của HĐ 424"
19856,"424/HĐ-VMS4",01-01-2019,01-01-2019,31-12-2019,"424/PLHĐ",2,"Trả về giá HĐ gốc"
19475,"425/HĐ - VMS4",29-10-2018,15-12-2018,31-12-2018,"2910/MLMN-TELECOM-CABLE",2,""
19469,"426/HĐ - VMS4",05-12-2018,05-12-2018,,"0512/MLMN-THAP VANG BTS",2,"PLHĐ điều chỉnh giảm giá thuê trạm Đồng Tháp 162"
19292,"429/HĐ - VMS4",10-07-2018,01-07-2018,31-12-2018,"05",2,"PL giãm giá kỳ 2/2018"
19270,"430/HĐ - VMS4",10-07-2018,01-07-2018,31-12-2018,"05",2,"PL giãm giá 2018"
19731,"433/HĐ-VMS4",18-04-2018,18-04-2018,31-12-2019,"433-1/PLHĐ-MIS II-2018",2,""
19845,"434/HĐ-VMS4",26-12-2018,13-10-2018,31-12-2018,"01/PLHĐ-VTDĐ/2018",2,""
19846,"435/HĐ-VMS4",01-07-2018,12-10-2018,31-12-2019,"01/PLHD",2,""
20636,"437/HĐ - VMS4",19-06-2020,01-07-2019,31-12-2020,"437/PLHĐ-MIDC-2020",2,""
18067,"452/HĐ",01-01-2017,01-01-2017,,"0117/PLHĐ/VNC-55",2,"Điều chỉnh giảm giá thuê trạm Hàm Tiến 2 cho dùng chung CSHT"
19249,"630/HĐ-VMS4",26-06-2018,01-12-2017,31-12-2018,"02",2,"Gia hạn hết hạn 2017 "
19232,"631/HĐ-VMS4",26-06-2018,01-12-2017,31-12-2018,"02",2,"Gia hạn hết hạn 2017 "
19228,"632/HĐ-VMS4",26-06-2018,01-12-2017,31-12-2018,"02",2,"Gia hạn hết hạn 2017 "
19215,"633/HĐ-VMS4",26-06-2018,01-12-2017,31-12-2018,"02",2,"Gia hạn hết hạn 2017 "
19198,"634/HĐ-VMS4",26-06-2018,01-12-2017,31-12-2018,"02",2,"Gia hạn hết hạn 2017 "
19209,"635/HĐ-VMS4",26-06-2018,01-01-2018,31-12-2018,"02",2,"Gia hạn hết hạn 2017 "
19200,"636/HĐ-VMS4",26-06-2018,01-12-2017,31-12-2018,"02",2,"Gia hạn hết hạn 2017 "
19225,"637/HĐ-VMS4",26-06-2018,01-12-2017,31-12-2018,"02",2,"Gia hạn hết hạn 2017 "
19203,"638/HĐ-VMS4",26-06-2018,01-12-2017,31-12-2018,"02",2,"Gia hạn hết hạn 2017 "
19218,"639/HĐ-VMS4",26-06-2018,01-12-2017,31-12-2018,"02",2,"Gia hạn hết hạn 2017 "
19227,"640/HĐ-VMS4",26-06-2018,01-12-2017,31-12-2018,"02",2,"Gia hạn hết hạn 2017 "
19199,"641/HĐ-VMS4",26-06-2018,01-12-2017,31-12-2018,"02",2,"Gia hạn hết hạn 2017 "
19202,"642/HĐ-VMS4",26-06-0218,01-12-2017,31-12-2018,"02",2,"Gia hạn hết hạn 2017 "
19206,"643/HĐ-VMS4",26-06-2018,01-12-2017,31-12-2018,"02",2,"Gia hạn hết hạn 2017 "
19229,"644/HĐ-VMS4",26-06-2018,01-12-2017,31-12-2018,"02",2,"Gia hạn hết hạn 2017 "
19194,"645/HĐ-VMS4",26-06-2018,01-12-2017,31-12-2018,"02",2,"Gia hạn hết hạn 2017 "
19230,"646/HĐ-VMS4",26-06-2018,01-12-2017,31-12-2018,"02",2,"Gia hạn hết hạn 2017 "
19224,"647/HĐ-VMS4",26-06-2018,01-12-2017,31-12-2018,"02",2,"Gia hạn hết hạn 2017 "
19212,"648/HĐ-VMS4",26-06-2018,01-12-2017,31-12-2018,"02",2,"Gia hạn hết hạn 2017 "
19216,"649/HĐ-VMS4",26-06-2018,01-12-2017,31-12-2018,"02",2,"Gia hạn hết hạn 2017 "
19204,"650/HĐ-VMS4",26-06-2018,01-10-2017,31-12-2018,"02",2,"Gia hạn hết hạn 2017 "
19651,"662/HĐ-VMS4",01-01-2017,31-12-2018,31-12-2019,"01/lmm",2,""
18087,"663/HĐ - VMS4",16-03-2017,16-03-2017,,"Số: 06/PLHĐ",2,"Thuê máy phát điện Đồng Tháp 229 của HĐ 663"
19491,"667/HĐ - VMS4",29-10-2018,25-12-2018,31-12-2018,"2910/MLMN-CADICOM",2,"Ký HĐ mới"
20631,"670/HĐ - VMS4",19-06-2020,01-05-2020,31-12-2020,"670-196/PLHĐ-MIDC/2020",2,""
20632,"671/HĐ - VMS4",19-06-2020,01-05-2019,31-12-2019,"671/PLHD-MIDC/2020",2,""
20002,"675/HĐ-VMS4",03-09-2019,03-09-2019,,"06-675/PLHĐ-MIS2",2,""
19049,"727/HĐ-VMS4",24-03-2018,01-12-2017,31-12-2018,"03",2,"Gia hạn các trạm hết hạn 2017"
19050,"729/HĐ-VMS4",24-03-2018,01-12-2017,31-12-2018,"03",2,"PL Gia hạn các trạm hết hạn 2017"
19051,"732/HĐ-VMS4",24-03-2018,01-12-2017,31-12-2018,"03",2,"PL Gia hạn các trạm hết hạn 2017"
19069,"733/HĐ-VMS4",24-03-2018,01-12-2017,31-12-2018,"03",2,"PL Gia hạn các trạm hết hạn 2017"
19052,"738/HĐ-VMS4",24-03-2018,01-12-2017,31-12-2018,"03",2,"PL Gia hạn các trạm hết hạn 2017"
19070,"739/HĐ-VMS4",24-03-2018,01-12-2017,31-12-2018,"03",2,"PL Gia hạn các trạm hết hạn 2017"
19245,"740/HĐ-VMS4",24-03-2018,01-12-2017,31-12-2018,"03",2,"PL gia hạn 2017"
19071,"741/HĐ-VMS4",24-03-2018,01-12-2017,31-12-2018,"03",2,"PL Gia hạn các trạm hết hạn 2017"
19072,"742/HĐ-VMS4",24-03-2018,01-12-2017,31-12-2018,"03",2,"PL Gia hạn các trạm hết hạn 2017"
19262,"743/HĐ-VMS4",24-03-2018,01-12-2017,31-12-2018,"03",2,""
19073,"744/HĐ-VMS4",24-03-2018,01-12-2017,31-12-2018,"03",2,"PL Gia hạn các trạm hết hạn 2017"
19074,"745/HĐ-VMS4",24-03-2018,01-12-2017,31-12-2018,"03",2,"PL Gia hạn các trạm hết hạn 2017"
19075,"748/HĐ-VMS4",24-03-2018,01-12-2017,31-12-2018,"03",2,"PL Gia hạn các trạm hết hạn 2017"
19054,"749/HĐ-VMS4",24-03-2018,01-12-2017,31-12-2018,"03",2,"PL Gia hạn các trạm hết hạn 2017"
19076,"751/HĐ-VMS4",24-03-2018,01-12-2017,31-12-2018,"03",2,"PL Gia hạn các trạm hết hạn 2017"
19077,"752/HĐ-VMS4",24-03-2018,01-12-2017,31-12-2018,"03",2,"PL Gia hạn các trạm hết hạn 2017"
19078,"753/HĐ-VMS4",24-03-2018,01-12-2017,31-12-2018,"03",2,"PL Gia hạn các trạm hết hạn 2017"
19079,"754/HĐ-VMS4",24-03-2018,01-12-2017,31-12-2018,"03",2,"PL Gia hạn các trạm hết hạn 2017"
19080,"755/HĐ-VMS4",24-03-2018,01-12-2017,31-12-2018,"03",2,"PL Gia hạn các trạm hết hạn 2017"
19055,"756/HĐ-VMS4",24-03-2018,01-12-2017,31-12-2018,"03",2,"PL Gia hạn các trạm hết hạn 2017"
19056,"757/HĐ-VMS4",24-03-2018,01-12-2017,31-12-2018,"03",2,"PL Gia hạn các trạm hết hạn 2017"
19081,"778/HĐ-VMS4",24-03-2018,01-12-2017,31-12-2018,"03",2,"PL Gia hạn các trạm hết hạn 2017"
19082,"779/HĐ-VMS4",24-03-2018,01-12-2017,31-12-2018,"03",2,"PL Gia hạn các trạm hết hạn 2017"
19057,"780/HĐ-VMS4",24-03-2018,01-12-2017,31-12-2018,"03",2,"PL Gia hạn các trạm hết hạn 2017"
19058,"781/HĐ-VMS4",24-03-2018,01-12-2017,31-12-2018,"03",2,"PL Gia hạn các trạm hết hạn 2017"
19059,"782/HĐ-VMS4",24-03-2018,01-12-2017,31-12-2018,"03",2,"PL Gia hạn các trạm hết hạn 2017"
18921,"839/HĐ-VMS4",12-06-2018,01-12-2017,31-12-2018,"12",2,"PL gia hạn 31/12/2018"
18922,"840/HĐ-VMS4",12-06-2018,01-12-2017,31-12-2018,"12",2,"PL gia hạn 31/12/2018"
18954,"841/HĐ-VMS4",12-06-2018,01-12-2017,31-12-2018,"12",2,"PL gia hạn 31/12/2018"
18955,"842/HĐ-VMS4",12-06-2018,01-12-2017,31-12-2018,"12",2,"PL gia hạn 31/12/2018"
18923,"843/HĐ-VMS4",12-06-2018,01-12-2017,31-12-2018,"12",2,"PL gia hạn 31/12/2018"
18924,"844/HĐ-VMS4",12-06-2018,01-12-2017,31-12-2018,"12",2,"PL gia hạn 31/12/2018"
18956,"845/HĐ-VMS4",12-06-2018,01-12-2017,31-12-2018,"12",2,"PL gia hạn 31/12/2018"
18925,"846/HĐ-VMS4",12-06-2018,01-12-2017,31-12-2018,"12",2,"PL gia hạn 31/12/2018"
18957,"855/HĐ-VMS4",12-06-2018,01-12-2017,31-12-2018,"12",2,"PL gia hạn 31/12/2018"
19060,"862/HĐ-VMS4",24-03-2018,01-12-2017,31-12-2018,"03",2,"PL Gia hạn các trạm hết hạn 2017"
19083,"878/HĐ-VMS4",24-03-2018,01-12-2017,31-12-2018,"03",2,"PL Gia hạn các trạm hết hạn 2017"
13199,"901/HĐ",13-09-2012,01-09-2012,,"PL001",2,""
13212,"903/HĐ",14-09-2012,01-09-2012,,"PL001",2,""
19666,"903/HĐ",02-10-2018,03-06-2019,31-12-2019,"hh",2,""
19207,"904/HĐ-VMS4",26-06-2018,01-01-2018,31-12-2018,"02",2,"Gia hạn hết hạn 2017 "
19222,"907/HĐ-VMS4",26-06-2018,01-01-2018,31-12-2018,"02",2,"Gia hạn hết hạn 2017 "
19193,"909/HĐ-VMS4",26-06-2018,01-12-2017,31-12-2018,"02",2,"Gia hạn hết hạn 2017 "
19220,"910/HĐ-VMS4",26-06-2018,01-12-2017,31-12-2018,"02",2,"Gia hạn hết hạn 2017 "
19226,"912/HĐ-VMS4",26-06-2018,01-12-2017,31-12-2018,"02",2,"Gia hạn hết hạn 2017 "
19250,"913/HĐ-VMS4",26-06-2018,01-01-2018,31-12-2018,"02",2,"Gia hạn hết hạn 2017 "
19208,"915/HĐ-VMS4",26-06-2018,01-12-2017,31-12-2018,"02",2,"Gia hạn hết hạn 2017 "
19084,"925/HĐ-VMS4",24-03-2018,01-12-2017,31-12-2018,"03",2,"PL Gia hạn các trạm hết hạn 2017"
20102,"926/HĐ-VMS4",20-04-2018,01-02-2018,30-04-2019,"04/PLHĐ-TECHINCOM",2,"Chuyển từ HĐ XHH sang Lưu động"
19085,"933/HĐ-VMS4",24-03-2018,15-12-2017,31-12-2018,"03",2,"PL Gia hạn các trạm hết hạn 2017"
19246,"934/HĐ-VMS4",24-03-2018,15-12-2017,31-12-2018,"03",2,""
19849,"994/HĐ",01-01-2019,01-01-2019,31-12-2019,"994/PLHĐ",2,"Trả giá về HĐ gốc"
13241,"996/HĐ",02-10-2012,05-09-2012,,"PL003",2,"Sửa lại số TK theo PL mới nhất"
20159,"01/2017/MLMN-CSHT-GTI",29-05-2019,29-05-2019,30-06-2023,"2905/PLHĐ-GTI/2019",2,""
18228,"3112/2016/MLMN-CSHT",24-05-2017,24-05-2017,,"Số : 01/PLHĐ",2,"Điều chỉnh giảm giá thuê trạm Cần Thơ 221 và Cần Thơ 249"
18008,"990/HĐ",01-01-2016,01-01-2016,,"01/PLHĐ",2,"Thanh lý 2 trạm của HĐ 990: PT Tân Đức 2, PT Tân Đức 3"
19848,"673/HĐ-VMS4",01-01-2019,01-01-2019,31-12-2019,"673/PLHĐ",2,"Trả giá về HĐ gốc"
20507,"995/HĐ",07-01-2020,07-01-2020,31-12-2023,"PL08-995/PLHĐ",2,""
14743,"2200/2008/HĐKT-CSHT",28-03-2014,01-01-2014,04-05-2019,"111/VMSC2-PLHĐ",2,"Giảm giá thuê"
14883,"174/VMSII/KTKT",01-05-2014,01-05-2014,30-04-2019,"779",2,""
18870,"591A-16/HĐ-MLMN-ĐVTĐN",15-04-2018,15-04-2018,14-04-2019,"1",2,""
18872,"219-16/HĐ-MLMN-ĐVTĐN",15-04-2018,08-04-2018,07-04-2019,"01",2,""
20225,"425/HĐ",05-08-2019,01-07-2019,,"PL05-425/HĐ",2,""
17668,"429/HĐ",01-11-2016,01-11-2016,01-11-2016,"Số 06/PLHĐ",2,"Điều chỉnh giảm giá thuê 4 trạm và 1 trạm không dùng chung CSHT"
14763,"79/CSHT",28-02-2014,01-03-2014,28-02-2016,"08/PLHĐ/ĐVTĐ",1,""
18871,"51/VMS.C6/KTKT",10-01-2018,03-02-2018,02-02-2019,"02",2,""
18894,"678/HĐ-VMS4",20-04-2018,20-04-2018,,"001/PLHĐ-QA/2018",2,""
18711,"1154/HĐ",12-09-2017,12-09-2017,31-12-2017,"Số:11/PLHĐ",2,"Thanh lý trạm BDTM08-BD Phú Cường 2 ( P.Chánh Nghĩa)"
16005,"152/VMSII/KTKT",27-03-2015,27-03-2015,23-03-2017,"001/PLHĐ",2,"Thanh lý tòa KHO BẠC NHÀ NƯỚC, ko thanh toán tiền thuê CSHT, thanh toán tiền điện đến khi rút hết toàn bộ tb"
19430,"1620/HĐ",24-10-2018,24-10-2018,31-12-2019,"Số:2018.10.1/THÁP VÀNG BTS",2,"Thanh lý 80 trạm chuyển qua hđ mới"
19171,"175/HĐ-VMS4",08-06-2018,08-06-2018,31-12-2018,"28",2,"PL gia hạn"
16869,"193/VMSII/KTKT",18-12-2015,18-12-2015,31-12-2016,"PLHĐ",1,"PLHĐ gia hạn"
16887,"193/VMSII/KTKT",18-12-2015,18-12-2015,31-12-2016,"PLHD",1,""
17747,"193/VMSII/KTKT",27-06-2016,28-06-2016,31-12-2016,"27/06/2016",1,"Gia hạn"
13198,"2199/HĐ",13-09-2012,01-09-2012,,"PL002",2,""
13206,"2200/HĐ",13-09-2012,01-09-2012,,"PL001",2,""
19410,"233/HĐ",24-10-2018,24-10-2018,31-12-2019,"hjjh",2,""
14464,"299/VMSII/KTKT",16-11-2013,16-11-2013,20-04-2017,"03/PLHĐ/SPN - VMS/2013",1,"Phụ lục thay đổi tên công ty SPN"
19429,"385/HĐ",24-10-2018,24-10-2018,31-12-2019,"Số:2018.10.1/MLMN-THAP VANG BTS",2,"Thanh lý 80 tram hợp đồng hết hạn 2018"
18331,"450/HĐ-VMS4",26-06-2017,01-07-2017,,"26/PLHĐ",2,"Cung cấp dịch vụ vận hành MPĐ"
18332,"614/HĐ-VMS4",26-06-2017,01-07-2017,,"26/PLHĐ",2,"Cung cấp dịch vụ vận hành MPĐ"
18353,"658/HĐ-VMS4",26-06-2017,01-07-2017,,"26/PLHĐ",2,"Cung cấp dịch vụ vận hành MPĐ"
19153,"66/HĐ - VMS4",08-06-2018,08-06-2018,31-12-2018,"28",2,"PL gia hạn"
18333,"669/HĐ-VMS4",26-06-2017,01-07-2017,,"26/PLHĐ",2,"Cung cấp dịch vụ vận hành MPĐ"
19150,"67/HĐ - VMS4",08-06-2018,08-06-2018,31-12-2018,"28",2,"PL gia hạn"
18944,"674A/HĐ-VMS4",08-06-2018,08-06-2018,31-12-2018,"PL gia hạn HĐ",2,""
19289,"677/HĐ-VMS4",01-05-2018,01-01-2018,31-12-2018,"Số: 04/PLHĐ/NINH KIỀU",2,""
19151,"68/HĐ - VMS4",08-06-2018,08-06-2018,31-12-2018,"28",2,"PL gia hạn"
19290,"681A/HĐ-VMS4",01-05-2018,01-01-2018,31-12-2018,"Số: 04/PLHĐ/Ô MÔN 5",2,""
19152,"69/HĐ - VMS4",08-06-2018,08-06-2018,31-12-2018,"28",2,"PL gia hạn"
18940,"690A/HĐ-VMS4",08-06-2018,08-06-2018,31-12-2018,"PL gia hạn HĐ",2,""
19149,"691/ĐTXD.C4",08-06-2018,08-06-2018,31-12-2018,"28",2,"Gia hạn HĐ"
18941,"693A/HĐ-VMS4",08-06-2018,08-06-2018,31-12-2018,"PL gia hạn HĐ",2,""
18939,"694A/HĐ-VMS4",08-06-2018,08-06-2018,31-12-2018,"PL gia hạn HĐ",2,""
18913,"695A/HĐ-VMS4",08-06-2018,08-06-2018,31-12-2018,"PL gia hạn HĐ",2,""
18935,"696/HĐ-VMS4",08-06-2018,08-06-2018,31-12-2018,"PL gia hạn HĐ",2,""
18937,"697A/HĐ-VMS4",08-06-2018,08-06-2018,31-12-2018,"PL gia hạn HĐ",2,""
18934,"698A/HĐ-VMS4",08-06-2018,08-06-2018,31-12-2018,"PL gia hạn HĐ",2,""
18933,"699/HĐ-VMS4",08-06-2018,08-06-2018,31-12-2018,"PL gia hạn HĐ",2,""
19169,"70/HĐ - VMS4",08-06-2018,08-06-2018,31-12-2018,"28",2,"PL gia hạn"
18938,"700A/HĐ-VMS4",08-06-2018,08-06-2018,31-12-2018,"PL gia hạn HĐ",2,""
18936,"701A/HĐ-VMS4",08-06-2018,08-06-2018,31-12-2018,"PL gia hạn HĐ",2,""
18915,"702A/HĐ-VMS4",08-06-2018,08-06-2018,31-12-2018,"PL gia hạn HĐ",2,""
18914,"703A/HĐ-VMS4",08-06-2018,08-06-2018,31-12-2018,"PL gia hạn HĐ",2,""
19170,"71/HĐ - VMS4",08-06-2018,08-06-2018,31-12-2018,"28",2,"PL gia hạn"
15665,"730/2007/VMS2-CTIN",12-12-2014,01-01-2015,31-12-2017,"1287/PLHĐ/ĐVT-T",2,"Gia hạn hợp đồng"
18334,"747/HĐ-VMS4",26-06-2017,01-07-2017,,"26/PLHĐ",2,"Cung cấp dịch vụ vận hành MPĐ"
18917,"798/HĐ-VMS4",08-06-2018,08-06-2018,31-12-2018,"PL gia hạn HĐ",2,""
18943,"800/HĐ-VMS4",08-06-2018,08-06-2018,31-12-2018,"PL gia hạn HĐ",2,""
18916,"802/HĐ-VMS4",08-06-2018,08-06-2018,31-12-2018,"PL gia hạn HĐ",2,""
15285,"81/VMSC2/KTKT",24-03-2014,25-03-2014,31-12-2018,"05/PLHĐ/ĐVT-Đ",2,""
18942,"866/HĐ-VMS4",08-06-2018,08-06-2018,31-12-2018,"PL gia hạn HĐ",2,""
13068,"897/HĐ",08-07-2008,08-07-2008,19-03-2012,"000000",1,"Phu luc dau tien cua HD"
17352,"897/HĐ",01-07-2016,01-07-2016,08-07-2018,"0116/PLHĐ/GTI",1,"Điều chỉnh giảm giá thuê trạm 07Q0818 Dung Chung CSHT"
19615,"897/HĐ",10-08-2018,10-08-2018,08-07-2018,"0118",2,"Giảm giá 2 tram 07Q0210, 06BCH03"
13016,"897/HĐ",12-03-2012,01-12-2011,,"0103-2012/BTS/TC-PLHĐ",1,""
19603,"897/HĐ",10-08-2018,10-08-2018,,"0118",2,"Giảm giá 2 tram 07Q0210, 06BCH03"
6071,"897/HĐ",08-07-2008,08-07-2008,30-11-2011,"000000",1,""
18932,"927/HĐ-VMS4",08-06-2018,08-06-2018,31-12-2018,"PL gia hạn",2,""
18929,"981/HĐ-VMS4",08-06-2018,08-06-2018,31-12-2018,"002",2,""
6076,"995/HĐ",30-07-2008,30-07-2008,31-12-2012,"000000",1,""
13420,"995/HĐ",01-12-2012,26-11-2012,,"PL003",1,"Thanh toán trạm 08PNH02"
13204,"995/HĐ",13-09-2012,01-09-2012,,"PL002",1,""
13095,"995/HĐ",24-12-2009,24-12-2009,,"1222/PLHĐ",1,"Điểu chỉnh giảm số lượng trạm và điều chỉnh giảm đơn giá thuê"
13096,"995/HĐ",29-12-2009,29-12-2009,,"2559/PLHĐ",1,"Địa chỉ trạm, người liên hệ"
13094,"995/HĐ",30-07-2008,30-07-2008,23-12-2009,"000000",1,"Phu luc dau tien cua HD"
14325,"995/HĐ",01-07-2013,01-01-2013,30-07-2018,"0107/PLHD-2013",1,"Tăng giá lắp 3G cho trạm 08GVA08, 08GVA09"
13966,"995/HĐ",01-01-2013,01-01-2013,,"01/PLHD",2,"TĂNG GIÁ DO LẮP THÊM THIẾT BỊ 3G"
18895,"995/HĐ",20-04-2018,01-01-2018,,"995-1",2,"giảm giá do dùng chung CSHT"
13194,"995/HĐ",12-09-2012,19-05-2012,,"PL001",1,""
18931,"996/HĐ-VMS4",08-06-2018,08-06-2018,31-12-2018,"002",2,"Pl gia hạn"
14843,"03/SPN-VMSII/KT-KT",06-05-2014,01-01-2014,30-12-2018,"Theo HĐ số 03/SPN-VMSII/KT-KT",2,"Phụ lục tăng diện tích tòa nhà Pullman Saigon Centre "
19592,"997/HĐ",10-09-2018,01-07-2018,14-10-2018,"Số: 04/PLHĐ",2,"Về việc giảm giá thuê 5% "
18910,"725-16/HĐ-MLMN-ĐVTĐN",15-06-2018,01-07-2018,30-06-2020,"01",2,""
18873,"807-15/HĐ-MLMN-ĐVTĐN",01-06-2018,01-07-2018,30-06-2023,"01",2,""
16367,"820/VMSII/KTKT",10-01-2015,10-01-2015,30-06-2016,"01/PLHĐ/HD820/VMSII/KT-KT",2,"Thay đổi tên chủ thể hợp đồng và Tài khoản bên cho thê"
14469,"740/VMSII/KTKT",16-11-2013,16-11-2013,31-05-2018,"08/PLHĐ/SPN - VMS/2013",1,"Phụ lục thay đổi tên công ty SPN"
13115,"HDXHH",19-07-2012,19-07-2012,,"213213",2,""
16867,"555/VMSII/KTKT",02-11-2015,02-11-2015,30-01-2018,"PLHĐ",2,"Hủy trạm Block B - Tân Kiên"
16868,"556/VMSII/KTKT",14-07-2015,14-07-2015,30-01-2018,"PLHĐ",2,"Hủy trạm 155 Nguyễn Trí Thanh"
13035,"2201/HĐ",06-03-2012,07-03-2012,,"05-2012",2,""
15425,"075/VMS2-TV/2007",11-12-2014,01-01-2015,31-12-2016,"01",2,""
15426,"076/VMS2-TV/2007",11-12-2014,01-01-2015,31-12-2016,"01",2,""
15445,"078/VMS2-TV/2007",11-12-2014,01-01-2015,31-12-2016,"01",2,""
16848,"217/VMSII/KTKT",01-01-2016,01-01-2016,01-11-2016,"PLHĐ",2,"Hủy Trạm HÀ ĐÔ NGUYỄN VĂN CÔNG ko phải của hợp đồng và đối tác Tiên Tiến"
16127,"254/VMSII/KTKT",08-12-2014,08-12-2014,31-12-2017,"01/PLHĐ",1,"Điều chỉnh mức lưu lươngj Cảnh Viên 1.2"
14466,"860/VMSII/KTKT",16-11-2013,16-11-2013,31-12-2017,"05/PLHĐ/SPN - VMS/2013",1,"Phụ lục thay đổi tên công ty SPN"
18352,"614/HĐ-VMS4",26-06-2017,01-07-2017,,"26/PLHĐ",2,"Cung cấp dịch vụ vận hành MPĐ"
5175,"194/VMS.C2/ĐTXD",15-10-2007,15-10-2007,,"000000",2,""
12058,"415/VMS.C2/ĐVT",25-11-2010,25-11-2010,15-09-2017,"000000",2,"Phu luc dau tien cua HD"
5124,"188/VMS.C2/ĐTXD",01-09-2007,01-09-2007,31-08-2017,"000000",2,""
5178,"195/VMS.C2/ĐTXD",15-08-2007,15-08-2007,15-08-2017,"000000",2,""
15566,"111/2008/VMS2-CTIN",10-12-2014,01-01-2015,31-12-2016,"PL 01",2,""
15567,"112/2008/VMS2-CTIN",10-12-2014,01-01-2015,31-12-2016,"PL 01",2,""
14462,"118/VMSII/KTKT",16-11-2013,16-11-2013,30-06-2015,"01/PLHĐ/SPN - VMS/2013",1,"Phụ lục thay đổi tên công ty SPN"
16487,"118/VMSII/KTKT",14-08-2015,31-12-2015,31-12-2015,"000/PLHĐ/KHĐT",2,"Phục lục gia hạn hợp đồng"
14803,"174/VMSII/KTKT",29-04-2014,01-05-2014,31-01-2016,"05/PLHD/DVT-Đ",2,""
17868,"203/VMSII/KTKT",21-03-2016,21-03-2016,31-12-2016,"52/PLHĐ/MLMN-ARTEK",2,"PLHĐ gia hạn cho các tòa CC15, 21, 22, Hỗng Lĩnh, New Pacific"
14703,"30/VMSII/KTKT",02-01-2014,01-01-2014,25-03-2016,"Phụ lục hợp đồng ba bên",1,"kèm theo tờ trình chuyển chủ thể ký ngày 02/01/2014"
18147,"32/VMSII/KTKT",11-08-2016,12-08-2016,30-06-2017,"PLHĐ",2,""
16567,"330/VMSII/KT-KT",26-06-2015,26-06-2015,31-12-2015,"00/KHĐT",2,"PLgia hạn"
16527,"330/VMSII/KTKT",26-06-2015,26-06-2015,31-12-2015,"00/KHĐT",2,"PLHĐ gia hạn"
15565,"731/2007/VMSC2-CTIN",10-12-2014,01-01-2015,31-12-2016,"PL 01",2,""
14745,"80/VMSII/KTKT",31-12-2013,01-01-2014,31-05-2016,"06/PLHĐ/ĐVTĐ",1,""
14465,"80/VMSII/KTKT",16-11-2013,16-11-2013,31-03-2014,"04/PLHĐ/SPN - VMS/2013",1,"Phụ lục thay đổi tên công ty SPN"
18892,"846/VMS.C6/KTKT",31-10-2016,15-11-2016,14-11-2021,"846/VMS.C6/KTKT-PL02",2,""
14463,"213/VMSII/KTKT",16-11-2013,16-11-2013,15-09-2015,"02/PLHĐ/SPN - VMS/2013",1,"Phu lục thay đổi tên công ty SPN"
14442,"332/VMSII/KTKT",22-05-2012,22-05-2012,31-12-2014,"PLHD-22/05/2012",2,"HỦY TÒA NHÀ PN-TECHCON"
17048,"290615/PLT/IBC2",01-07-2015,01-07-2015,31-03-2016,"290615/PLT/IBC2/PL01",2,"Giảm diện tích, giám giá"
5191,"198/VMS.C2/ĐVT",01-09-2009,01-09-2009,30-08-2016,"000000",2,""
5495,"392/VMS.C2/ĐTXD",01-04-2006,01-04-2006,31-03-2016,"000000",2,""
12054,"455/VMS.C2/ĐVT",31-12-2010,31-12-2010,15-01-2016,"000000",2,"Phu luc dau tien cua HD"
10468,"67/VMSC6/ĐVTĐN",15-11-2010,15-11-2010,14-11-2015,"000000",2,"Phu luc dau tien cua HD"
11832,"342/VMS.C2/ĐT-XD",15-10-2010,15-10-2010,14-10-2015,"000000",2,"Phu luc dau tien cua HD"
11791,"462/VMS.C2/HĐKT",27-07-2010,27-07-2010,27-07-2015,"000000",2,"Phu luc dau tien cua HD"
11766,"282/VMS.C2/ĐVT",01-07-2010,01-07-2010,01-07-2015,"000000",2,"Phu luc dau tien cua HD"
11651,"967/VMS.C2/ĐTXD",07-09-2009,07-09-2009,01-07-2015,"000000",2,"Phu luc dau tien cua HD"
11558,"215/VMS.C2/ĐTXD",09-04-2010,09-04-2010,15-06-2015,"000000",2,"Phu luc dau tien cua HD"
11732,"893/VMS.C2/ĐT-XD",10-08-2009,10-08-2009,15-06-2015,"000000",2,"Phu luc dau tien cua HD"
11723,"894/VMS.C2/ĐT-XD",10-08-2009,10-08-2009,15-06-2015,"000000",2,"Phu luc dau tien cua HD"
11811,"349/VMS.C2/HĐKT",04-06-2010,04-06-2010,04-06-2015,"000000",2,"Phu luc dau tien cua HD"
11402,"116/VMS.C2/ĐTXD",08-03-2010,08-03-2010,01-06-2015,"000000",2,"Phu luc dau tien cua HD"
11561,"173/VMS.C2/ĐT-XD",01-04-2010,01-04-2010,01-06-2015,"000000",2,"Phu luc dau tien cua HD"
11347,"52/VMS.C2/ĐTXD",28-01-2010,28-01-2010,01-06-2015,"000000",2,"Phu luc dau tien cua HD"
11585,"68/VMS.C2/HĐKT",20-05-2010,20-05-2010,20-05-2015,"000000",2,"Phu luc dau tien cua HD"
11584,"66/VMS.C2/HĐKT",27-04-2010,27-04-2010,13-05-2015,"000000",2,"Phu luc dau tien cua HD"
11387,"62/VMS.C2/ĐTXD",02-02-2010,02-02-2010,01-05-2015,"000000",2,"Phu luc dau tien cua HD"
11271,"1131/VMS.C2/ĐT-XD",30-11-2009,30-11-2009,30-04-2015,"000000",2,"Phu luc dau tien cua HD"
11391,"1033/VMS.C2/ĐTXD",12-10-2009,12-10-2009,15-04-2015,"000000",2,"Phu luc dau tien cua HD"
11735,"13/VMS.C2/ĐTXD",13-01-2010,13-01-2010,15-04-2015,"000000",2,"Phu luc dau tien cua HD"
11475,"54/VMS.C2/ĐTXD",28-01-2010,28-01-2010,14-04-2015,"000000",2,"Phu luc dau tien cua HD"
11428,"113/VMS.C2/ĐTXD",04-03-2010,04-03-2010,01-04-2015,"000000",2,"Phu luc dau tien cua HD"
11430,"59/VMS.C2/ĐTXD",02-02-2010,02-02-2010,01-04-2015,"000000",2,"Phu luc dau tien cua HD"
11431,"60/VMS.C2/ĐTXD",02-02-2010,02-02-2010,01-04-2015,"000000",2,"Phu luc dau tien cua HD"
11429,"61/VMS.C2/ĐTXD",02-02-2010,02-02-2010,01-04-2015,"000000",2,"Phu luc dau tien cua HD"
11420,"71/VMS.C2/ĐTXD",11-02-2010,11-02-2010,01-04-2015,"000000",2,"Phu luc dau tien cua HD"
11533,"30/VMS.C2/ĐT-XD",01-04-2010,01-04-2010,31-03-2015,"000000",2,"Phu luc dau tien cua HD"
6272,"69/VMS.C2/ĐVTMĐ",01-04-2010,01-04-2010,31-03-2015,"000000",2,"Phu luc dau tien cua HD"
11353,"72/VMS.C2/ĐTXD",11-02-2010,11-02-2010,01-03-2015,"000000",2,"Phu luc dau tien cua HD"
11589,"743/VMS.C2/HĐKT",01-03-2010,01-03-2010,01-03-2015,"000000",2,"Phu luc dau tien cua HD"
11307,"1129/VMS.C2/ĐTXD",30-11-2009,30-11-2009,28-02-2015,"000000",2,"Phu luc dau tien cua HD"
11255,"390/VMS.C2/ĐVT",14-12-2009,14-12-2009,28-02-2015,"000000",2,"Phu luc dau tien cua HD"
11350,"53/VMS.C2/ĐTXD",28-01-2010,28-01-2010,28-02-2015,"000000",2,"Phu luc dau tien cua HD"
5998,"537/VMS.C2/HĐKT",01-03-2008,01-03-2008,28-02-2015,"000000",2,""
6134,"03/VMSC2/ĐVTMĐ",01-02-2010,01-02-2010,31-01-2015,"000000",2,"Phu luc dau tien cua HD"
11587,"525/VMS.C2/HĐKT",01-01-2010,01-01-2010,01-01-2015,"000000",2,"Phu luc dau tien cua HD"
11588,"744/VMS.C2.HĐKT",01-01-2010,01-01-2010,01-01-2015,"000000",2,"Phu luc dau tien cua HD"
10611,"1213/VMS.C2/KTKT",14-09-2007,14-09-2007,31-12-2009,"000000",1,"Phu luc dau tien cua HD"
11436,"129/VMS.C2/HĐKT",01-01-2010,01-01-2010,31-12-2014,"000000",2,"Phu luc dau tien cua HD"
4990,"1575/VMS.C2/ĐTXD",01-01-2009,01-01-2009,31-12-2014,"000000",2,""
5982,"21/VMS.C2/HĐKT",01-01-2009,01-01-2009,31-12-2014,"000000",2,""
9588,"23/VMSC2/ĐVTMĐ",01-01-2010,01-01-2010,31-12-2014,"000000",2,"Phu luc dau tien cua HD"
6344,"328/VMS.C2/KTKT",28-10-2009,28-10-2009,31-12-2014,"000000",2,"Phu luc dau tien cua HD"
15568,"331/VMSII/KTKT",10-12-2014,01-01-2015,31-12-2019,"PL 382-383-384",2,""
10614,"390/VMS.C2/KTKT",29-05-2007,29-05-2007,31-12-2009,"000000",1,"Phu luc dau tien cua HD"
10600,"435/VMS.C2/ĐVTMĐ",01-01-2010,01-01-2010,31-12-2014,"000000",2,"Phu luc dau tien cua HD"
11250,"49/VMS.C2/ĐVT",05-02-2010,05-02-2010,31-12-2014,"000000",2,"Phu luc dau tien cua HD"
5656,"563/VMS.C2/ĐTXD",01-12-2005,01-12-2005,31-12-2014,"000000",2,""
15546,"732/2007/VMS2-CTIN",10-12-2014,01-01-2015,31-12-2016,"PL 01",2,""
15265,"739/VMSII/KTKT",31-05-2013,01-06-2013,31-05-2018,"01-02-03",2,""
11442,"85/VMSC2/ĐVT",01-01-2010,01-01-2010,31-12-2014,"000000",2,"Phu luc dau tien cua HD"
5197,"200/VMS.C2/ĐT-XD",01-12-2009,01-12-2009,30-11-2014,"000000",2,""
9627,"27/VMS.C2/ĐVTMĐ",20-02-2009,20-02-2009,30-11-2009,"000000",1,"Phu luc dau tien cua HD"
9554,"557/VMS.C2/ĐT-XD",04-10-2006,04-10-2006,30-11-2009,"000000",1,"Phu luc dau tien cua HD"
9526,"721/VMS.C2/ĐVT",21-11-2006,21-11-2006,30-11-2009,"000000",1,"Phu luc dau tien cua HD"
6363,"957/VMS.C2/ĐT-XD",03-09-2009,03-09-2009,30-11-2014,"000000",2,"Phu luc dau tien cua HD"
10423,"15/VMS.C2/ĐVTMĐ",15-11-2009,15-11-2009,15-11-2014,"000000",2,"Phu luc dau tien cua HD"
10638,"24/VMS.C2/ĐVTMĐ",15-11-2009,15-11-2009,14-11-2014,"000000",2,"Phu luc dau tien cua HD"
5688,"600/VMS.C2/ĐT-XD",15-11-2009,15-11-2009,14-11-2014,"000000",2,""
15485,"333/VMSII/KTKT",30-05-2014,01-06-2014,31-05-2019,"156B/PLHĐ/ĐVT-T",2,""
5887,"899/VMS.C2/ĐT-XD",01-11-2009,01-11-2009,,"000000",2,""
9523,"50/VMS.C2/ĐVTMĐ",21-10-2009,21-10-2009,20-10-2014,"000000",2,"Phu luc dau tien cua HD"
10703,"150/VMS.C2/ĐT-XD",15-10-2009,15-10-2009,,"000000",2,""
5119,"187/VMS.C2/ĐVT",15-10-2009,15-10-2009,14-10-2014,"000000",2,""
11787,"302/VMS.C2/ĐVT",11-09-2010,11-09-2010,01-10-2014,"000000",2,"Phu luc dau tien cua HD"
5150,"1906/VMS.C2/ĐT-XD",01-10-2009,01-10-2009,,"000000",2,""
6021,"923/VMS.C2/HĐKT",01-09-2009,01-09-2009,31-08-2014,"000000",2,""
5114,"184/VMS.C2/ĐVT",25-08-2009,25-08-2009,24-08-2014,"000000",2,""
11460,"150/VMS.C2/ĐVT",15-08-2004,15-08-2004,15-08-2014,"000000",2,"Phu luc dau tien cua HD"
6019,"866/VMS.C2/HĐKT",15-08-2009,15-08-2009,14-08-2014,"000000",2,""
6020,"867/VMS.C2/HĐKT",15-08-2009,15-08-2009,14-08-2014,"000000",2,""
5185,"1966/VMS.C2/ĐT-XD",01-08-2009,01-08-2009,,"000000",2,""
10714,"724/VMS.C2/ĐT-XD",01-08-2009,01-08-2009,,"000000",2,""
5136,"1892/VMS.C2/ĐT-XD",30-07-2009,30-07-2009,30-07-2014,"000000",2,""
5063,"172/VMS.C2/ĐT-XD",20-07-2009,20-07-2009,20-07-2014,"000000",2,""
5340,"2606/VMS.C2/ĐT-XD",20-07-2009,20-07-2009,,"000000",2,""
4900,"146/VMS.C2/ĐT-XD",15-07-2009,15-07-2009,15-07-2014,"000000",2,""
5001,"159/VMS.C2/ĐT-XD",15-07-2009,15-07-2009,,"000000",2,""
5133,"1890/VMS.C2/ĐT-XD",15-07-2009,15-07-2009,,"000000",2,""
5134,"1891/VMS.C2/ĐT-XD",15-07-2009,15-07-2009,15-07-2014,"000000",2,""
5221,"208/VMS.C2/ĐT-XD",15-07-2009,15-07-2009,,"000000",2,""
5126,"1886/VMS.C2/ĐT-XD",01-07-2009,01-07-2009,,"000000",2,""
16085,"MLP/HDTMB/400/0096",29-06-2015,01-07-2015,31-12-2015,"04",2,"Phụ lục gia hạn hợp đồng "
4765,"1257/VMS.C2/ĐTXD",15-06-2009,15-06-2009,15-06-2014,"000000",2,""
4782,"1296/VMS.C2/ĐTXD",15-06-2009,15-06-2009,,"000000",2,""
4783,"1298/VMS.C2/ĐTXD",15-06-2009,15-06-2009,15-06-2014,"000000",2,""
4912,"147/VMS.C2/ĐTXD",15-06-2009,15-06-2009,15-06-2014,"000000",2,""
4952,"152/VMS.C2/ĐTXD",15-06-2009,15-06-2009,15-06-2014,"000000",2,""
4976,"155/VMS.C2/ĐTXD",15-06-2009,15-06-2009,,"000000",2,""
4987,"157/VMS.C2/ĐTXD",15-06-2009,15-06-2009,15-06-2014,"000000",2,""
5072,"173/VMS.C2/ĐTXD",15-06-2009,15-06-2009,,"000000",2,""
5128,"1888/VMS.C2/ĐTXD",15-06-2009,15-06-2009,,"000000",2,""
5141,"1895/VMS.C2/ĐTXD",15-06-2009,15-06-2009,,"000000",2,""
5148,"1901/VMS.C2/ĐTXD",15-06-2009,15-06-2009,,"000000",2,""
5190,"198/VMS.C2/ĐT-XD",15-06-2009,15-06-2009,15-06-2014,"000000",2,""
4727,"118/VMS.C2/ĐT-XD",01-06-2009,01-06-2009,,"000000",2,""
5219,"207/VMS.C2/ĐT-XD",01-06-2009,01-06-2009,,"000000",2,""
4864,"1407/VMS.C2/ĐTXD",01-06-2009,01-06-2009,31-05-2014,"000000",2,""
4888,"145/VMS.C2/ĐTXD",01-06-2009,01-06-2009,31-05-2014,"000000",2,""
4967,"153/VMS.C2/ĐTXD",01-06-2009,01-06-2009,,"000000",2,""
5122,"1878/VMS.C2/ĐTXD",01-06-2009,01-06-2009,,"000000",2,""
5127,"1887/VMS.C2/ĐTXD",01-06-2009,01-06-2009,31-05-2014,"000000",2,""
5129,"1889/VMS.C2/ĐTXD",01-06-2009,01-06-2009,,"000000",2,""
5151,"191/VMS.C2/ĐTXD",01-06-2009,01-06-2009,,"000000",2,""
5193,"199/VMS.C2/ĐTXD",01-06-2009,01-06-2009,31-05-2014,"000000",2,""
5777,"745/VMS.C2/ĐT-XD",01-06-2009,01-06-2009,,"000000",2,""
6045,"865/VMS.C2/HĐKT",25-05-2009,25-05-2009,24-05-2014,"000000",2,""
6046,"926/VMS.C2/HĐKT",25-05-2009,25-05-2009,24-05-2014,"000000",2,""
6047,"932/VMS.C2/HĐKT",25-05-2009,25-05-2009,24-05-2014,"000000",2,""
5535,"421/VMS.C2/ĐT-XD",01-05-2009,01-05-2009,,"000000",2,""
11119,"137/VMS.C2/HĐKT",10-02-2009,10-02-2009,30-04-2014,"000000",2,"Phu luc dau tien cua HD"
4984,"156/VMS.C2/ĐTXD",01-05-2009,01-05-2009,30-04-2014,"000000",2,""
5017,"161/VMS.C2/ĐTXD",01-05-2009,01-05-2009,30-04-2014,"000000",2,""
5061,"1718/VMS.C2/ĐTXD",15-04-2009,15-04-2009,15-04-2014,"000000",2,""
10715,"754/VMS.C2/HĐKT",15-04-2009,15-04-2009,14-04-2014,"000000",2,""
11118,"1406/VMS.C2/HĐKT",15-10-2008,15-10-2008,13-04-2014,"000000",2,"Phu luc dau tien cua HD"
5123,"1879/VMS.C2/ĐTXD",01-04-2009,01-04-2009,31-03-2014,"000000",2,""
5139,"1894/VMS.C2/ĐTXD",01-04-2009,01-04-2009,31-03-2014,"000000",2,""
5149,"1903/VMS.C2/ĐTXD",01-04-2009,01-04-2009,31-03-2014,"000000",2,""
5066,"1723/VMS.C2/ĐTXD",01-04-2009,01-04-2009,30-03-2014,"000000",2,""
6033,"214/VMS.C2/HĐKT",20-03-2009,20-03-2009,20-03-2014,"000000",2,""
5065,"1720/VMS.C2/ĐTXD",01-03-2009,01-03-2009,28-02-2014,"000000",2,""
4753,"1230/VMS.C2/ĐTXD",15-02-2009,15-02-2009,14-02-2014,"000000",2,""
5058,"1715/VMS.C2/ĐTXD",15-02-2009,15-02-2009,14-02-2014,"000000",2,""
4907,"1467/VMS.C2/ĐTXD",01-02-2009,01-02-2009,30-01-2014,"000000",2,""
4918,"1473/VMS.C2/ĐTXD",01-02-2009,01-02-2009,30-01-2014,"000000",2,""
4923,"1476/VMS.C2/ĐTXD",01-02-2009,01-02-2009,30-01-2014,"000000",2,""
4924,"1477/VMS.C2/ĐTXD",01-02-2009,01-02-2009,30-01-2014,"000000",2,""
4946,"1508/VMS.C2/ĐTXD",01-02-2009,01-02-2009,30-01-2014,"000000",2,""
4950,"1518/VMS.C2/ĐTXD",01-02-2009,01-02-2009,30-01-2014,"000000",2,""
4951,"1519/VMS.C2/ĐTXD",01-02-2009,01-02-2009,30-01-2014,"000000",2,""
4955,"1522/VMS.C2/ĐTXD",01-02-2009,01-02-2009,30-01-2014,"000000",2,""
4957,"1523/VMS.C2/ĐTXD",01-02-2009,01-02-2009,31-10-2009,"000000",1,""
4959,"1524/VMS.C2/ĐTXD",01-02-2009,01-02-2009,30-01-2014,"000000",2,""
4962,"1526/VMS.C2/ĐTXD",01-02-2009,01-02-2009,30-01-2014,"000000",2,""
4708,"1146/VMS.C2/ĐTXD",15-01-2009,15-01-2009,14-01-2014,"000000",2,""
4847,"1362/VMS.C2/ĐTXD",15-01-2009,15-01-2009,14-01-2014,"000000",2,""
4850,"1369/VMS.C2/ĐTXD",15-01-2009,15-01-2009,14-01-2014,"000000",2,""
4854,"1383/VMS.C2/ĐTXD",15-01-2009,15-01-2009,14-01-2014,"000000",2,""
4858,"1393/VMS.C2/ĐTXD",15-01-2009,15-01-2009,14-01-2014,"000000",2,""
4920,"1474/VMS.C2/ĐTXD",15-01-2009,15-01-2009,14-01-2014,"000000",2,""
4922,"1475/VMS.C2/ĐTXD",15-01-2009,15-01-2009,14-01-2014,"000000",2,""
4929,"1483/VMS.C2/ĐTXD",15-01-2009,15-01-2009,14-01-2014,"000000",2,""
5056,"1713/VMS.C2/ĐTXD",15-01-2009,15-01-2009,14-01-2014,"000000",2,""
4705,"1137/VMS.C2/ĐTXD",01-01-2009,01-01-2009,,"000000",2,""
11550,"1230/VMS.C2/HĐKT",01-01-2008,01-01-2008,31-12-2013,"000000",2,"Phu luc dau tien cua HD"
4848,"1363/VMS.C2/ĐTXD",01-01-2009,01-01-2009,31-12-2013,"000000",2,""
4849,"1365/VMS.C2/ĐTXD",09-10-2008,09-10-2008,31-12-2013,"000000",2,""
4852,"1370/VMS.C2/ĐTXD",01-01-2009,01-01-2009,31-12-2013,"000000",2,""
4927,"1480/VMS.C2/ĐTXD",01-01-2009,01-01-2009,31-12-2013,"000000",2,""
4928,"1481/VMS.C2/ĐTXD",01-01-2009,01-01-2009,31-12-2013,"000000",2,""
4930,"1484/VMS.C2/ĐTXD",01-01-2009,01-01-2009,31-12-2013,"000000",2,""
4931,"1485/VMS.C2/ĐTXD",01-01-2009,01-01-2009,31-10-2009,"000000",1,""
4932,"1487/VMS.C2/ĐTXD",01-01-2009,01-01-2009,31-12-2013,"000000",2,""
4954,"1520/VMS.C2/ĐTXD",01-01-2009,01-01-2009,31-12-2013,"000000",2,""
4961,"1525/VMS.C2/ĐTXD",01-01-2009,01-01-2009,31-12-2013,"000000",2,""
4993,"1576/VMS.C2/ĐTXD",01-01-2009,01-01-2009,31-12-2013,"000000",2,""
4994,"1577/VMS.C2/ĐTXD",01-01-2009,01-01-2009,31-12-2013,"000000",2,""
4996,"1578/VMS.C2/ĐTXD",01-01-2009,01-01-2009,31-12-2013,"000000",2,""
4997,"1579/VMS.C2/ĐTXD",01-01-2009,01-01-2009,31-12-2009,"000000",1,""
5057,"1714/VMS.C2/ĐTXD",01-01-2009,01-01-2009,31-12-2013,"000000",2,""
5059,"1716/VMS.C2/ĐTXD",01-01-2009,01-01-2009,31-12-2013,"000000",2,""
5062,"1719/VMS.C2/ĐTXD",01-01-2009,01-01-2009,31-12-2013,"000000",2,""
5085,"1764/VMS.C2/ĐTXD",01-01-2009,01-01-2009,31-12-2013,"000000",2,""
5186,"1968/VMS.C2/ĐTXD",01-01-2009,01-01-2009,31-12-2013,"000000",2,""
6031,"1971/VMS.C2/HĐKT",01-01-2008,01-01-2008,31-12-2013,"000000",2,""
6051,"535/VMS.C2/HĐKT",01-01-2008,01-01-2008,31-12-2013,"000000",2,""
6247,"610/VMS.C2/ĐVT",15-02-2006,15-02-2006,31-12-2013,"000000",2,"Phu luc dau tien cua HD"
6257,"701/VMS.C2/ĐT-XD",01-07-2005,01-07-2005,31-12-2013,"000000",2,"Phu luc dau tien cua HD"
14343,"741/VMSII/KTKT",01-06-2013,01-06-2013,31-05-2018,"07/PLHD/DVT-D",2,"Phụ lục "
4754,"1232/VMS.C2/ĐTXD",01-01-2009,01-01-2009,30-12-2013,"000000",2,""
5358,"2664/HĐ.TT2",30-12-2008,30-12-2008,30-12-2013,"000000",2,""
4668,"1050/VMS.C2/ĐTXD",01-12-2008,01-12-2008,,"000000",2,""
4679,"1071/VMS.C2/ĐTXD",01-12-2008,01-12-2008,30-11-2013,"000000",2,""
4715,"1160/VMS.C2/ĐTXD",01-12-2008,01-12-2008,30-11-2013,"000000",2,""
5910,"961/VMS.C2/ĐTXD",01-12-2008,01-12-2008,30-11-2013,"000000",2,""
10463,"48/VMS.C2/ĐTXD",01-11-2009,01-11-2009,31-10-2013,"000000",2,"Phu luc dau tien cua HD"
5788,"759/VMS.C2/ĐTXD",01-11-2008,01-11-2008,31-10-2013,"000000",2,""
4768,"1263/VMS.C2/ĐTXD",01-11-2008,01-11-2008,,"000000",2,""
4781,"1294/VMS.C2/ĐTXD",01-11-2008,01-11-2008,30-10-2013,"000000",2,""
6032,"2025/VMS.C2/ĐVT",01-11-2008,01-11-2008,30-10-2013,"000000",2,""
6326,"212/VMS.C2/ĐT-XD",28-04-2003,28-04-2003,30-04-2010,"000000",1,"Phu luc dau tien cua HD"
11756,"1062/VMS.C2/HĐKT",20-10-2009,20-10-2009,20-10-2013,"000000",2,"Phu luc dau tien cua HD"
5801,"785/VMS.C2/ĐTXD",15-10-2008,15-10-2008,15-10-2013,"000000",2,""
5803,"787/VMS.C2/ĐTXD",15-10-2008,15-10-2008,,"000000",2,""
5806,"788/VMS.C2/ĐTXD",01-10-2008,01-10-2008,,"000000",2,""
5807,"789/VMSC2/ĐTXD",01-10-2008,01-10-2008,31-10-2009,"000000",1,""
5809,"790/VMS.C2/ĐTXD",01-10-2008,01-10-2008,30-09-2013,"000000",2,""
5810,"792/VMS.C2/ĐTXD",01-10-2008,01-10-2008,,"000000",2,""
5869,"878/VMS.C2/ĐTXD",01-10-2008,01-10-2008,30-09-2013,"000000",2,""
5795,"777/VMS.C2/ĐTXD",15-09-2008,15-09-2008,15-09-2013,"000000",2,""
5796,"778/VMS.C2/ĐTXD",15-09-2008,15-09-2008,,"000000",2,""
11481,"1128/VMS.C2/HĐKT",01-09-2008,01-09-2008,31-08-2013,"000000",2,"Phu luc dau tien cua HD"
5973,"1958/VMS.C2/HĐKT",01-09-2008,01-09-2008,31-08-2013,"000000",2,""
5985,"2224/VMS.C2/HĐKT",01-09-2008,01-09-2008,31-08-2013,"000000",2,""
6013,"827/VMS.C2/HĐKT",01-09-2008,01-09-2008,31-08-2013,"000000",2,""
6014,"828/VMS.C2/HĐKT",01-09-2008,01-09-2008,31-08-2013,"000000",2,""
6015,"829/VMS.C2/HĐKT",01-09-2008,01-09-2008,31-08-2013,"000000",2,""
6016,"830/VMS.C2/HĐKT",01-09-2008,01-09-2008,31-08-2013,"000000",2,""
6017,"831/VMS.C2/HĐKT",01-09-2008,01-09-2008,31-08-2013,"000000",2,""
6018,"832/VMS.C2/HĐKT",01-09-2008,01-09-2008,31-08-2013,"000000",2,""
11478,"826/VMS.C2/HĐKT",24-06-2008,24-06-2008,30-08-2013,"000000",2,"Phu luc dau tien cua HD"
11551,"917/VMS.C2/HĐKT",10-07-2008,10-07-2008,28-08-2013,"000000",2,"Phu luc dau tien cua HD"
11552,"918/VMS.C2/HĐKT",10-07-2008,10-07-2008,10-08-2013,"000000",2,"Phu luc dau tien cua HD"
11554,"921/VMS.C2/HĐKT",10-07-2008,10-07-2008,10-08-2013,"000000",2,"Phu luc dau tien cua HD"
11553,"920/VMS.C2/HĐKT",10-07-2008,10-07-2008,09-08-2013,"000000",2,"Phu luc dau tien cua HD"
6036,"2228/VMS.C2/HĐKT",08-05-2008,08-05-2008,08-08-2013,"000000",2,""
5802,"786/VMS.C2/ĐTXD",15-07-2008,15-07-2008,,"000000",2,""
5891,"912/HĐ - TT2",15-07-2008,15-07-2008,,"000000",2,""
5461,"372/VMS.C2/ĐTXD",15-08-2008,15-08-2008,,"000000",2,""
5566,"457/VMS.C2/ĐTXD",01-07-2008,01-07-2008,,"000000",2,""
5884,"892/VMS.C2/ĐVT",01-07-2008,01-07-2008,30-06-2013,"000000",2,""
6128,"896/VMS.C2/ĐT-XD",01-07-2008,01-07-2008,30-06-2013,"000000",2,"Phu luc dau tien cua HD"
5481,"381/VMS.C2/ĐT-XD",15-06-2008,15-06-2008,,"000000",2,""
5837,"824/VMS.C2/ĐTXD",01-06-2008,01-06-2008,31-05-2013,"000000",2,""
4757,"124/VMS.C2.ĐVT",15-05-2009,15-05-2009,,"000000",2,""
5451,"367/VMS.C2/ĐTXD",15-05-2008,15-05-2008,,"000000",2,""
5453,"368/VMS/C2/ĐTXD",15-05-2008,15-05-2008,,"000000",2,""
5457,"370/VMS.C2/ĐTXD",15-05-2008,15-05-2008,,"000000",2,""
5463,"373/VMS.C2/ĐTXD",15-05-2008,15-05-2008,15-05-2013,"000000",2,""
5465,"374/VMS.C2/ĐTXD",15-05-2008,15-05-2008,,"000000",2,""
5467,"375/VMS.C2/ĐTXD",15-05-2008,15-05-2008,,"000000",2,""
5470,"377/VMS.C2/ĐTXD",15-05-2008,15-05-2008,,"000000",2,""
5472,"378/VMS.C2/ĐTXD",15-05-2008,15-05-2008,15-05-2013,"000000",2,""
5483,"382/VMS.C2/ĐTXD",15-05-2008,15-05-2008,15-05-2013,"000000",2,""
5486,"383/VMS.C2/ĐTXD",15-05-2008,15-05-2008,,"000000",2,""
5496,"395/VMS.C2/ĐTXD",15-05-2008,15-05-2008,15-05-2013,"000000",2,""
5498,"397/VMS.C2/ĐTXD",15-05-2008,15-05-2008,,"000000",2,""
5503,"400/VMS.C2/ĐTXD",15-05-2008,15-05-2008,31-10-2009,"000000",1,""
5505,"401/VMS.C2/ĐTXD",15-05-2008,15-05-2008,15-05-2013,"000000",2,""
5507,"402/VMS.C2/ĐTXD",15-05-2008,15-05-2008,31-10-2009,"000000",1,""
5576,"469/VMS.C2/DTXD",15-05-2008,15-05-2008,,"000000",2,""
5497,"396/VMS.C2/ĐTXD",15-05-2008,15-05-2008,31-10-2009,"000000",1,""
6030,"1970/VMS.C2/HĐKT",22-11-2007,22-11-2007,08-05-2013,"000000",2,""
5448,"366/VMS.C2/ĐTXD",01-05-2008,01-05-2008,,"000000",2,""
5454,"369/VMS.C2/ĐTXD",01-05-2008,01-05-2008,30-04-2013,"000000",2,""
5474,"379/VMS.C2/ĐTXD",01-05-2008,01-05-2008,30-04-2013,"000000",2,""
5479,"380/VMS.C2/DT-XD",01-05-2008,01-05-2008,30-04-2013,"000000",2,""
6361,"1743/VMS.C2/KTKT",15-12-2009,01-01-2010,01-04-2013,"1743/VMS.C2/KTKT",2,"PLCL 01/01/2010-31/03/2010"
5964,"1199/VMS.C2/HĐKT",01-03-2008,01-03-2008,28-02-2013,"000000",2,""
6025,"1466/VMS.C2/HĐKT",20-10-2008,20-10-2008,28-02-2013,"000000",2,""
5974,"1959/VMS.C2/HĐKT",01-03-2008,01-03-2008,28-02-2013,"000000",2,""
11479,"1960/VMS.C2/HĐKT",01-03-2008,01-03-2008,28-02-2013,"000000",2,"Phu luc dau tien cua HD"
5976,"1962/VMS.C2/HĐKT",01-03-2008,01-03-2008,28-02-2013,"000000",2,""
5978,"1965/VMS.C2/HĐKT",01-03-2008,01-03-2008,28-02-2013,"000000",2,""
11477,"2222/VMS.C2/HĐKT",26-12-2007,26-12-2007,28-02-2013,"000000",2,"Phu luc dau tien cua HD"
5996,"533/VMS.C2/HĐKT",01-03-2008,01-03-2008,28-02-2013,"000000",2,""
5999,"538/VMS.C2/HĐKT",01-03-2008,01-03-2008,28-02-2013,"000000",2,""
6035,"2226/VMS.C2/HĐKT",01-01-2008,01-01-2008,20-02-2013,"000000",2,""
4842,"1357/VMS.C2/ĐTXD",15-02-2008,15-02-2008,14-02-2013,"000000",2,""
5972,"1957/VMS.C2/HĐKT",15-02-2008,15-02-2008,14-02-2013,"000000",2,""
5977,"1963/VMS.C2/HĐKT",15-02-2008,15-02-2008,14-02-2013,"000000",2,""
5979,"1967/VMS.C2/HĐKT",15-02-2008,15-02-2008,14-02-2013,"000000",2,""
5980,"1968/VMS.C2/HĐKT",15-02-2008,15-02-2008,14-02-2013,"000000",2,""
5984,"2223/VMS.C2/HĐKT",15-02-2008,15-02-2008,14-02-2013,"000000",2,""
5987,"2231/VMS.C2/HĐKT",15-02-2008,15-02-2008,14-02-2013,"000000",2,""
5997,"534/VMS.C2/HĐKT",15-02-2008,15-02-2008,14-02-2013,"000000",2,""
6034,"2225/VMS.C2/HĐKT",01-02-2008,01-02-2008,31-01-2013,"000000",2,""
5986,"2230/VMS.C2/HĐKT",01-02-2008,01-02-2008,31-01-2013,"000000",2,""
5994,"44/VMS.C2/HĐKT",01-02-2008,01-02-2008,31-01-2013,"000000",2,""
11274,"788/VMS.C2/ĐTXD",01-02-2008,01-02-2008,31-10-2009,"000000",1,"Phu luc dau tien cua HD"
6022,"973/VMS.C2/HĐKT",01-02-2003,01-02-2003,31-01-2013,"000000",2,""
5416,"324/VMS.C2/ĐTXD",01-02-2008,01-02-2008,31-10-2009,"000000",1,""
5575,"468/VMS.C2/ĐTXD",15-01-2008,15-01-2008,14-01-2013,"000000",2,""
11276,"2232/VMS.C2/HĐKT",01-01-2008,01-01-2008,01-01-2013,"000000",2,"Phu luc dau tien cua HD"
4683,"1078/VMS.C2/ĐTXD",01-01-2008,01-01-2008,31-12-2012,"000000",2,""
5959,"1127/VMS.C2/HĐKT",01-01-2008,01-01-2008,31-12-2012,"000000",2,""
5960,"1180/HĐKT - BĐLA",01-01-2008,01-01-2008,31-12-2012,"000000",2,""
5961,"1181/HĐKT - BĐLA",01-01-2008,01-01-2008,31-12-2012,"000000",2,""
5962,"1182/HDKT - BDLA",01-01-2008,01-01-2008,31-12-2012,"000000",2,""
5963,"1183/HĐKT - BĐLA",01-01-2008,01-01-2008,31-12-2012,"000000",2,""
11562,"1231/HĐKT",01-01-2008,01-01-2008,31-12-2012,"000000",2,"Phu luc dau tien cua HD"
11563,"1232/HĐKT",01-01-2008,01-01-2008,31-12-2012,"000000",2,"Phu luc dau tien cua HD"
11564,"1233/HĐKT",01-01-2008,01-01-2008,31-12-2012,"000000",2,"Phu luc dau tien cua HD"
11565,"1234/HĐKT",01-01-2008,01-01-2008,31-12-2012,"000000",2,"Phu luc dau tien cua HD"
10430,"16/VMS.C2/ĐVTMĐ",01-01-2010,01-01-2010,30-09-2010,"000000",1,"Phu luc dau tien cua HD"
6026,"1961/VMS.C2/HĐKT",01-01-2008,01-01-2008,31-12-2012,"000000",2,""
6027,"1964/VMS.C2/HĐKT",01-01-2008,01-01-2008,31-12-2012,"000000",2,""
6028,"1966/VMS.C2/HĐKT",01-01-2008,01-01-2008,31-12-2012,"000000",2,""
6029,"1969/VMS.C2/HĐKT",01-01-2008,01-01-2008,31-12-2012,"000000",2,""
6037,"2229/VMS.C2/HĐKT",01-01-2008,01-01-2008,31-12-2012,"000000",2,""
5582,"477/VMS.C2/ĐTXD",01-01-2008,01-01-2008,31-12-2012,"000000",2,""
5585,"479/VMS.C2/ĐTXD",01-01-2008,01-01-2008,31-12-2009,"000000",1,""
6040,"536/VMS.C2/HĐKT",01-01-2008,01-01-2008,31-12-2012,"000000",2,""
10503,"68/VMS.C2/ĐVTMĐ",01-01-2010,01-01-2010,31-12-2012,"000000",2,"Phu luc dau tien cua HD"
10718,"692/VMS.C2/ĐTXD",15-11-2009,01-11-2009,31-12-2012,"692/VMS.C2/ĐTXD",2,"PLCL 01/11/2009 - 31/01/2010"
5360,"267/VMS.C2/ĐTXD",01-12-2007,01-12-2007,30-11-2012,"000000",2,""
5633,"542/VMS.C2/ĐTXD",01-12-2007,01-12-2007,,"000000",2,""
10381,"387/VMS.C2/ĐVTMĐ",15-11-2009,15-11-2009,30-09-2010,"000000",1,"Phu luc dau tien cua HD"
10471,"408/VMS.C2/ĐT-XD",15-11-2009,15-11-2009,30-09-2010,"000000",1,"Phu luc dau tien cua HD"
5130,"189/VMS.C2/ĐTXD",01-11-2007,01-11-2007,31-10-2012,"000000",2,""
5156,"192/VMS.C2/ĐTXD",01-11-2007,01-11-2007,31-10-2012,"000000",2,""
5166,"193/VMS.C2/ĐTXD",01-11-2007,01-11-2007,31-10-2012,"000000",2,""
11829,"228/VMSC2/ĐT-XD",01-11-2007,01-11-2007,31-10-2012,"000000",2,"Phu luc dau tien cua HD"
5328,"256/VMS.C2/ĐTXD",01-11-2007,01-11-2007,31-10-2012,"000000",2,""
5329,"257/VMS.C2/ĐTXD",01-11-2007,01-11-2007,,"000000",2,""
5344,"262/VMS.C2.ĐTXD",01-11-2007,01-11-2007,31-10-2009,"000000",1,""
5404,"305/VMS.C2/ĐTXD",01-11-2007,01-11-2007,31-10-2012,"000000",2,""
5405,"306/VMS.C2/ĐTXD",01-11-2007,01-11-2007,,"000000",2,""
5408,"308/VMS.C2/ĐTXD",01-11-2007,01-11-2007,31-10-2012,"000000",2,""
5411,"313/VMS.C2/ĐTXD",01-11-2007,01-11-2007,,"000000",2,""
5412,"315/VMS.C2/ĐTXD",01-11-2007,01-11-2007,31-10-2012,"000000",2,""
5413,"318/VMS.C2/ĐTXD",01-11-2007,01-11-2007,31-10-2012,"000000",2,""
5508,"403/VMS.C2/ĐTXD",01-11-2007,01-11-2007,31-10-2012,"000000",2,""
5511,"404/VMS.C2/ĐTXD",01-11-2007,01-11-2007,31-10-2012,"000000",2,""
5512,"405/VMS.C2/ĐTXD",01-11-2007,01-11-2007,31-10-2009,"000000",1,""
5514,"407/VMS.C2/ĐTXD",01-11-2007,01-11-2007,31-10-2012,"000000",2,""
5515,"409/VMS.C2/ĐTXD",01-11-2007,01-11-2007,31-10-2012,"000000",2,""
5517,"410/VMS.C2/ĐTXD",01-11-2007,01-11-2007,,"000000",2,""
10401,"413/VMS.C2/ĐT-XD",01-11-2009,01-11-2009,31-10-2012,"000000",2,"Phu luc dau tien cua HD"
5534,"421/VMS.C2/ĐTXD",01-11-2007,01-11-2007,31-10-2012,"000000",2,""
5628,"539/VMS.C2/ĐTXD",01-11-2007,01-11-2007,,"000000",2,""
5768,"726/VMS.C2/ĐTXD",01-11-2007,01-11-2007,31-10-2012,"000000",2,""
5840,"847/VMS.C2/ĐTXD",01-11-2007,01-11-2007,31-12-2010,"000000",1,""
5357,"266/VMS.C2/ĐTXD",01-11-2007,01-11-2007,31-10-2009,"000000",1,""
5532,"420/VMS.C2/ĐTXD",01-11-2007,01-11-2007,30-10-2012,"000000",2,""
5152,"191/VMS.C2/ĐTXD",15-10-2007,15-10-2007,15-10-2012,"000000",2,""
5184,"196/VMS.C2/ĐTXD",15-10-2007,15-10-2007,15-10-2012,"000000",2,""
5331,"258/VMS.C2/ĐTXD",15-10-2007,15-10-2007,15-10-2012,"000000",2,""
5341,"261/VMS.C2/ĐTXD",15-10-2007,15-10-2007,,"000000",2,""
5347,"263/VMS.C2/ĐTXD",15-10-2007,15-10-2007,15-10-2012,"000000",2,""
5373,"281/VMS.C2/ĐTXD",15-10-2007,15-10-2007,15-10-2012,"000000",2,""
5407,"307/VMS.C2/ĐTXD",15-10-2007,15-10-2007,31-10-2009,"000000",1,""
5410,"312/VMS.C2/ĐTXD",15-10-2007,15-10-2007,15-10-2012,"000000",2,""
10415,"389/VMS.C2/ĐVTMĐ",15-10-2009,15-10-2009,15-10-2012,"000000",2,"Phu luc dau tien cua HD"
5425,"348/VMS.C2/ĐTXD",15-10-2007,15-10-2007,31-12-2009,"000000",1,""
6372,"368/VMS.C2/KTKT",25-12-2009,01-12-2009,,"368/VMS.C2/KTKT",2,"PLCL 01/12/2009-30/09/2010"
5362,"268/VMS.C2/ĐTXD",15-09-2007,15-09-2007,,"000000",2,""
11153,"1231/VMS.C2/HĐKT",24-09-2008,24-09-2008,31-08-2012,"000000",2,"Phu luc dau tien cua HD"
5418,"329/VMS/C2/ĐTXD",01-09-2007,01-09-2007,31-08-2012,"000000",2,""
11484,"46/VMS.C2/HĐKT",01-07-2007,01-07-2007,30-06-2012,"000000",2,"Phu luc dau tien cua HD"
6342,"114/VMS.C2/ĐT-XD",01-06-2006,01-06-2006,29-06-2011,"000000",1,"Phu luc dau tien cua HD"
5995,"45/VMS.C2/ĐTXD",01-06-2007,01-06-2007,31-05-2012,"000000",2,""
6039,"47/VMS.C2/ĐTXD",01-06-2007,01-06-2007,31-05-2012,"000000",2,""
9573,"408/VMS.C2/ĐT-XD",15-05-2007,15-05-2007,14-05-2012,"000000",2,"Phu luc dau tien cua HD"
10409,"109/VMS.C2/ĐVTMĐ",15-02-2010,15-02-2010,14-02-2012,"000000",2,"Phu luc dau tien cua HD"
6270,"82/HĐ-TT2",15-02-2009,15-02-2009,14-02-2012,"000000",2,"Phu luc dau tien cua HD"
11432,"12/VMS.C2/KTKT",17-01-2009,17-01-2009,16-01-2012,"000000",2,"Phu luc dau tien cua HD"
5991,"396/VMS.C2/ĐVT",01-01-2007,01-01-2007,31-12-2011,"000000",2,""
9493,"405/VMS.C2/ĐT-XD",03-08-2006,03-08-2006,31-12-2009,"000000",1,"Phu luc dau tien cua HD"
6041,"57/VMS.C2/ĐVT",01-01-2006,01-01-2006,31-12-2011,"000000",2,""
10497,"684/VMS.C2/DT-XD",14-09-2005,14-09-2005,31-12-2009,"000000",1,"Phu luc dau tien cua HD"
12650,"366/VMS.C2/ĐVT",01-10-2011,01-10-2011,30-11-2011,"02",2,""
11627,"201/VMS.C2/ĐVT",23-06-2010,23-06-2010,30-06-2011,"000000",2,"Phu luc dau tien cua HD"
11534,"0001/VMS.C2/ĐVTMĐ",01-06-2010,01-06-2010,31-05-2011,"000000",2,"Phu luc dau tien cua HD"
5560,"450/VMS.C2/ĐVT",15-05-2008,15-05-2008,14-05-2011,"000000",2,""
5510,"404/VMS.C2/ĐTXD",01-04-2006,01-04-2006,31-03-2011,"000000",2,""
5691,"61/VMS.C2/ĐTXD",01-03-2006,01-03-2006,,"000000",2,""
11183,"95/VMS.C2/ĐVT-XOA",31-12-2009,01-01-2010,31-01-2011,"95/VMS.C2/ĐVT",2,""
10502,"103/ĐT-XD",01-01-2006,01-01-2006,31-12-2010,"000000",2,"Phu luc dau tien cua HD"
10419,"147/VMS.C2/KT",01-07-2006,01-07-2006,31-12-2010,"000000",2,"Phu luc dau tien cua HD"
